path,size_bytes,sha256
.gitignore,336,6bce6cc77bff1f47481d88d05690db8f6247e4fe79da865b8de0d7808129d705
CHANGELOG.md,1359,0a2b936805099316d0521e848f405a95d82ae22f6e5d4aa3d845b7b2fef51fea
CITATION.cff,1655,95fddbe638b1ff8e345e654f3ee6c8c0e532194e2144c6d5f8661c35bce037b4
Code/GBD_EOBC_full_pipeline_FINAL_STANDALONE_v1.1.10.R,258475,238ba559c4b50d044637e0a41a1928285baa49336eca868775d7d9e672961b9b
Code/README.md,398,c53dd3c0c0b5583be6894320586501c212a4ec815f5b67a0cf12cdb66c080dde
Documentation/AUDIT_AFTER_RUN_v1.1.10.md,1407,e3bcff19c949ac79d624ae81b3ad1e259f3563e4480d19d847e05472bb35fff8
Documentation/CHANGELOG_v1.1.10.md,1731,3ad6ff0e8c49f1d8cb136fbeb70557e1db5665caec3758cbe30fdc59e480943a
Documentation/RELEASE_NOTES_v1.1.10.md,901,6dd32e11e48aaa91fad355345ae2f86c30fef921ab27ff8c6e3871805d98bcc9
Documentation/STATIC_AUDIT_v1.1.10.md,284,6453ec5bc4b585dc3da50c93d636d71a7a2daeea49434f9bf61467cf1a02092f
Documentation/create_clean_release_zip.py,1147,5d16bc8cd3ef0b30e2d129982878015fe60a183a9b26c84a31a7ae1a4f343ab9
LICENSE,1072,7d0b7e5d52989076800da6aa91e5396292a4ac6e54651cc86cc324284105448b
LICENSE-DATA.md,696,f2d469932effe2aa938c1324d49743b5985a38b85406fbbbd1bbb38ecc316879
README.md,6255,6d7e782a1e6d6939a29aec3a9a94288c4093d8fecc5e57b0db16a8ea96d3a4d8
Results/Analysis_Figures/GLOBOCANBaseline_GLOBOCAN_baseline_scaled_projection.pdf,6626,8d665c0645feeabf831ae5e07bd99bfb071006bee71b02c447639975b97b7c08
Results/Analysis_Figures/GLOBOCANBaseline_GLOBOCAN_baseline_scaled_projection.png,690208,100a92c4fd537a637999200f656a5b6a6c8906e08028ff21239fa30425d619e1
Results/Analysis_Figures/HCASensitivity_HCA_sensitivity.pdf,6623,eb036bee898c414de4df2bacd9d8b7c698e79e83f7bed8642c8af071258b0d6d
Results/Analysis_Figures/HCASensitivity_HCA_sensitivity.png,804404,0303612afd426505d6840eacf78b0538f5e407cc8c3a3fa5dd046fefbdd64dc8
Results/Analysis_Figures/ProjectionAnchor_anchored_vs_unanchored_projection.pdf,6584,62c832dc0e528cb7d8a50c114c4768d939903c0db5c73ca15d42c03b92c4f159
Results/Analysis_Figures/ProjectionAnchor_anchored_vs_unanchored_projection.png,367461,b29fc330220940d889367b1e768c064e99111dbae32ebba8b8dc977aa34cc4ef
Results/Analysis_Figures/ReportingAudit_risk_PAF_temporal_by_age.pdf,9475,bb30f96300a9d9b804a59f7a754af214e309ae20cad1e0a805e24fbd3caacbac
Results/Analysis_Figures/ReportingAudit_risk_PAF_temporal_by_age.png,778948,d7c5f85e839ff4383244047b1e0713f4cec14bee7c7c0dade6b953a53128002a
Results/Analysis_Figures/SHAPStructure_age_structure_target_sensitivity.pdf,6872,bc87c75dda9df3dc4bae4c4f01bf85ac541a2a58b9fd94497b62cd94547d49a9
Results/Analysis_Figures/SHAPStructure_age_structure_target_sensitivity.png,559993,2ecb5c558e5362d58342d5782f5a22a03bb1463c7838205be57e3ec864a1f57e
Results/Analysis_Figures/SHAPTemporal_temporal_SHAP_stability.pdf,7889,baa0bdca7baff2032d687c65bf30359776ebf22a5db5e417729e80778eaeffe5
Results/Analysis_Figures/SHAPTemporal_temporal_SHAP_stability.png,498968,db4975281ca092dc25e04d5582f8a8af28348d555dc6a67759d0093e9a33174b
Results/Analysis_Tables/BMISource_high_BMI_validation_checks.csv,259,b6244d3630b5cab9c47dfaa2c874117e469aae41b4e544c1f4760136bada9119
Results/Analysis_Tables/BMISource_model_feature_variance.csv,478,8362bffb8a14e409db73543b4fdf5d23b984f63fce88883db5d1d67281741797
Results/Analysis_Tables/Computational_Evidence_Audit_Summary_v1.1.10.csv,1004,d519c54acfa5282a33e61a8662f91085bb1040c15e0fb608eeca323dbd955502
Results/Analysis_Tables/DataIntegrity_feature_missingness_summary.csv,465,8b7f9a6e7d5aa32c35df9bf4818852726c7b0dcc5f0a50fbaed4ada2831cdd0f
Results/Analysis_Tables/DataIntegrity_missing_data_audit.xlsx,30055,dad64d21a04aa5791d7d13dcaad8266c055349a9efa0b4eccbc16922e1fdab2a
Results/Analysis_Tables/DataIntegrity_missing_data_audit_console.txt,2339,157cc0ed736fbaefa1ac71d686a63b94aeb161d348bd7bab4f7ef34f41d9e4e5
Results/Analysis_Tables/DataIntegrity_rows_with_missing_features.csv,121,cfadd4f7ee840f920b9f0ed7c43208ac1c9583cd2d3decc43ed82ceb0ad60497
Results/Analysis_Tables/DataIntegrity_rows_with_observed_zeros.csv,12146,046bfc473979381eacbead6911d66ad1ce46486a1987539b2769fc1d80ba2e47
Results/Analysis_Tables/GLOBOCANBaseline_GLOBOCAN_baseline_scaled_projection_selected_years.csv,5440,900dca609fb77c2e2693b498907eeb493adfc4b54de7dc2deaf77c6147d190c3
Results/Analysis_Tables/GLOBOCANBaseline_GLOBOCAN_baseline_scaling_assumptions.txt,1284,5be39954ac7229849a47268adb780bcc4a14995ef68b10b64ff043770301e7e8
Results/Analysis_Tables/GLOBOCANBaseline_GLOBOCAN_baseline_scaling_factors.csv,1716,37f754f81904ecce325f50b9fe6248a1d757c9d843c65e05852389368f63e88b
Results/Analysis_Tables/GLOBOCANBaseline_GLOBOCAN_baseline_scaling_quality_checks.csv,601,9aa1c539b763f16b4bd797af6e1b420ed1d9f5dfaf8e3a18ca0cfc48190a0c5c
Results/Analysis_Tables/GLOBOCANBaseline_GLOBOCAN_baseline_scaling_sensitivity.xlsx,22251,7f37e19043b88c848eed1a3a8fa165086efa86397453cff054b903877c188d5b
Results/Analysis_Tables/GLOBOCANBaseline_main_vs_GLOBOCAN_baseline_scaled_selected_years.csv,11659,a312bf4abfcb8919b5582bb30dd3c3cb2e8f7485135b4fc45297ee869d71c175
Results/Analysis_Tables/HCASensitivity_HCA_2023_age_breakdown.csv,6004,4cf27f78e5f5ef2219695b6aa737eab6c1ec56230b719c79d2b333251fd45329
Results/Analysis_Tables/HCASensitivity_HCA_2023_scenario_totals.csv,1296,3e766a775e64fd13442a0fdc61f6d62abc543b29945ae4598c11936c6064ea4c
Results/Analysis_Tables/HCASensitivity_HCA_input_audit_by_age.csv,393,93695d8a52256d69160f95cff1a7c01d514f11a5bfaa3c9bba1474f6fc5b1c21
Results/Analysis_Tables/HCASensitivity_HCA_quality_checks.csv,640,114465d7ac6683d6d03d1dcc350b38def02bb49d4a0f909b4a512a97995e2ee1
Results/Analysis_Tables/HCASensitivity_HCA_risk_attributable_loss_status_2023.csv,651,ace8a1e6910eac99ea980a0297acf0a8665c3788f64fae6c654d5f02d07001b0
Results/Analysis_Tables/HCASensitivity_HCA_scenario_age_multipliers.csv,2242,84a2b23c108e4afc908a89cd715ef4d627c4bf3df69febd7b0799fbd1e8be775
Results/Analysis_Tables/HCASensitivity_HCA_scenario_definitions.csv,980,f0ca2602a795e8307e8f0067a2f91bc8a3983bf5d7199deb1155e483b81a93ce
Results/Analysis_Tables/HCASensitivity_HCA_selected_years_sensitivity.csv,3434,701ac169887b16a49c6988985cb230157b946094aed13da00e34ad73047f5fdb
Results/Analysis_Tables/HCASensitivity_HCA_sensitivity.xlsx,24027,cde252d49fd98a7fd70270864545b8e75306fe64624dc1067de79f44ceb47072
Results/Analysis_Tables/HCASensitivity_HCA_sensitivity_assumptions.txt,1279,6995c4b6f426caabd1f4c43277da4c8788e07e4de0b7088c6b1139e0cbcb8f6d
Results/Analysis_Tables/HCA_PAF_truncation_audit.csv,292,523a6a89cdb395e75cb701ab9637a375d4f3bddca0be314e3b2819126c38e949
Results/Analysis_Tables/ProjectionAnchor_anchored_vs_unanchored_selected_years.csv,11135,9448f9d1144403a85be115412977abd9d26a8fe4ceaffd4e63e594111f501253
Results/Analysis_Tables/ProjectionAnchor_interval_order_diagnostics.csv,50967,b9dbf9f953f0dc0bf80fc6b72ccc2f71b43696afb8e6243ff7ac7fdcc9058c7b
Results/Analysis_Tables/ProjectionAnchor_projection_anchoring_diagnostics.csv,1451,109423d4eab7ffaa7f6f5d70f84c66bdaf606a178491ce51e5cd9a40c7672277
Results/Analysis_Tables/ProjectionAnchor_projection_quality_checks.csv,531,d898507b2208902a5e77f260735af5de98bf183c547536228d1106d3f32ff2c7
Results/Analysis_Tables/ProjectionAnchor_projection_selected_years_95UI.csv,5253,da547ac78a29602cc7c1a92b881f68cbbfaa916c530fff7588481f1c49eb1687
Results/Analysis_Tables/ProjectionAnchor_projection_sensitivity.xlsx,23318,ddfa27a4ae3613bfb8a01dcaa0dacc95cbcaeae781ce103ee0cef605af1aa018
Results/Analysis_Tables/ProjectionAnchor_status_quo_assumptions.txt,1361,1126879fef5e53faf4d7af7d5d49de462e968ae799d4223f342c91230905a63d
Results/Analysis_Tables/ReportingAudit_HCA_PAF_YLL_DALY_comparison_2023.csv,1897,d366fd4237c220b0562cb8d3f8b1f0a9b83b0202410b03ec768b165d64a1c4ac
Results/Analysis_Tables/ReportingAudit_HCA_PAF_measure_inventory.csv,178,4a7cf1f5057f0242225bf99b34126948ac4155fa59a98c5c30bbb0eb832368be
Results/Analysis_Tables/ReportingAudit_HCA_PAF_measure_selected.csv,124,a642d48f98a8910f3b96dcb56a7156c4ae7b09cbf2b0ab241843b8f4c6c10949
Results/Analysis_Tables/ReportingAudit_MIR_full_series.csv,40407,ce76492114a3b509a828fb7f62068652631614ce112ff836eef316f97620e26c
Results/Analysis_Tables/ReportingAudit_MIR_selected_years.csv,6071,ef0672d17de57ce3513c94dac2e0841fd0f97d9af169d674df9e3138389e0260
Results/Analysis_Tables/ReportingAudit_burden_1990_2023_counts_rates_95UI.csv,16718,7cdb7bff58133fb2da021a3e3a511bf341086f264adf8445a7e66cef6c33c776
Results/Analysis_Tables/ReportingAudit_data_provenance.csv,1012,b4857c60034078ff033c4953cbcb24f008abc9df8cd2bc29417786eea164547d
Results/Analysis_Tables/ReportingAudit_quality_checks.csv,634,597a597e7a51324e4fa2d0d372623d9735ab142ec95796e07eb3624e9df87e8b
Results/Analysis_Tables/ReportingAudit_reporting_and_consistency_audit.xlsx,70374,6a58964249a3c908a0e0f764984f45c90dea69ff097c4d610fd5032c97ef49f0
Results/Analysis_Tables/ReportingAudit_reporting_notes.txt,915,81c2f75e9e031cba5e7d2dc5c2a814230fdb29adb8642c1c6de04b0dabb3e490
Results/Analysis_Tables/ReportingAudit_risk_PAF_temporal_by_age_full.csv,69417,f4b583e898eaf031da15b1cffafd8cc96cde08bd980ec9e8d5a07b6a5b6fa940
Results/Analysis_Tables/ReportingAudit_risk_PAF_temporal_by_age_selected_years.csv,10264,c212d60b3a257e0231fcd0a1e6d609210f061a2ccf1d26099269c452f6067f0a
Results/Analysis_Tables/SHAPStructure_age_structure_target_sensitivity.xlsx,24039,03a8c618e86ab9172a3cbd0d623970f6333409201ef5a14773b1a07df72f7ac2
Results/Analysis_Tables/SHAPStructure_between_age_group_means.csv,764,4879875ac5e5a7cd50ac49eaf4bd36580516944bf9d8d78040c6627d4bba57ba
Results/Analysis_Tables/SHAPStructure_block_bootstrap_SHAP_by_formulation.csv,3916,6bdfd2fe2077ad31c84f2a50f3b954ca96188e7cb9c435d5ff930f72d52da45f
Results/Analysis_Tables/SHAPStructure_feature_outcome_correlation_diagnostics.csv,3493,f246f7297a4e2d926e5d031783302fcd3aa8a7afdb6679c24136e597bc2d57b6
Results/Analysis_Tables/SHAPStructure_fullsample_SHAP_by_formulation.csv,2387,5780a71a93177becd99d29b542db8ea09d2a1d6e926c5d83cb4857f783d9a576
Results/Analysis_Tables/SHAPStructure_fullsample_model_metrics.csv,710,cdf747a7f08fe2d94fe786bfb2b2a2a64cf0cd28de2bc4db4b9932565a57dc32
Results/Analysis_Tables/SHAPStructure_interpretation_decision_summary.csv,1557,e085dd4c8a733dbd779c099e116dd9d131a1a9a74f47cb874935f137bd4aeced
Results/Analysis_Tables/SHAPStructure_interpretation_framework.txt,962,c67001633911a7eff4fb8b48d0659dd40854cf59dc674c76dc526d7f5e7596bb
Results/Analysis_Tables/SHAPStructure_quality_checks.csv,541,14ce2a8c64e88a6625f052e8c8dd42581eb760236eb422bb8002e861f23f3d17
Results/Analysis_Tables/SHAPTemporal_block_bootstrap_SHAP_summary.csv,819,a693cc657ce1da7040d81b30a08a98b9a555d95ac9b3ddd23ce44d78964ce5a2
Results/Analysis_Tables/SHAPTemporal_block_bootstrap_concordance_summary.csv,195,52ac6c21c87dee5c2871af1348a8b330c5085a28dbea5aa95fbaed94e834fd13
Results/Analysis_Tables/SHAPTemporal_calendar_block_definitions.csv,176,09b5239c6ef84a23d3006cd6fa4c7b59373cdfc8de75b9ff0b201931757fd1f3
Results/Analysis_Tables/SHAPTemporal_temporal_SHAP_by_fold.csv,1466,94056f4125332be3b93de2279ad510e4bdbd6954ce04ddf80ee70fd428adc919
Results/Analysis_Tables/SHAPTemporal_temporal_rank_concordance.csv,70,3f2b3a11377a3e372c511e940a7ed41a45d344e8fe8491098125729a6ce0291a
Results/Analysis_Tables/SHAPTemporal_temporal_stability.xlsx,72344,e29ebd274e5df59c07c12d0506e68f4d11feaad09f7e064d0629fcd214153f9d
Results/Analysis_Tables/SHAPTemporal_temporal_validation_performance.csv,440,fef4c1e00e00da685f841f9c06c165cfc88d495c5a8daed2201a890cbdbea185
Results/Logs/projection_anchor_status.txt,167,1abcbc9642862ddb333d641458b16e10a792216b7caccb9256fb3b6d2c8e07b1
Results/Logs/sessionInfo.txt,2255,cd3a7fc3c1569769b58a44e2efd679d35c351f01b5d876451daf12936fc26cff
Results/Logs/sessionInfo_final.txt,2255,cd3a7fc3c1569769b58a44e2efd679d35c351f01b5d876451daf12936fc26cff
Results/Manuscript_Ready/Documentation/ANALYSIS_VERSION.txt,437,0023bca93ff79fb6e09ba8f0c70c21a32792bc3e5235dc9de83ab38d3f7d26eb
Results/Manuscript_Ready/Documentation/MANUSCRIPT_OUTPUT_QUALITY_CHECKS.csv,454,76534c35373df57e61c3df57d8c7a5c2f794b0fe998945297ab3d89957a9afe7
Results/Manuscript_Ready/Documentation/Main_Figure_Captions_Draft.txt,2029,ccf9a93fd491b61ebf63ab38490fd1e2a89e234dba7d08f495c56ac78ceb0e84
Results/Manuscript_Ready/Documentation/README_MANUSCRIPT_OUTPUTS.txt,1211,c1355d718808f668a4dd89c8d96cb17ff686871d21b74aaaa618781cd73ebcea
Results/Manuscript_Ready/Documentation/RELEASE_HYGIENE_v1.1.10.txt,636,a167f88b4d8a6858d9ec8cc2d69a9200f174c848644e3dd99a99f04985850649
Results/Manuscript_Ready/Documentation/RUN_AND_UPLOAD_CHECKLIST.txt,1212,c1daca9dd84c1f8c1ad574939c54cb841aec1500a2a31541237d6b78d0ef6cb7
Results/Manuscript_Ready/Documentation/Supplementary_Figure_Captions_Draft.txt,1582,0e7869248d5642c3f0e612197f1836386cd111a0c8ad6034ce0c3193b5f0824b
Results/Manuscript_Ready/Documentation/Table_1_notes.txt,688,4b7734cca162854b8c2f36ee1dbab08ead4d30306c63387608c4a9eb9d80bd64
Results/Manuscript_Ready/Documentation/Table_2_notes.txt,1124,492bc3b1a53dd09135520d7fa33e27f5e678ac6bf3960616a9785253e7759e91
Results/Manuscript_Ready/Documentation/V1_1_10_OUTPUT_QUALITY_CHECKS.csv,1127,c01d728962ef5ad9df32cd790f05ffe66c45841b318f919f7535927ab231af53
Results/Manuscript_Ready/Documentation/V1_1_10_REPORTING_AND_PACKAGING_SUMMARY.csv,1114,8f5c012e83acac87955f6c1c98398bc4e07f1837a306cae6288da73862d8c2c2
Results/Manuscript_Ready/Figure_Source_Data/Figure_1_composition.csv,2987,0d688bfc60b9343216f4b5cc0b9e9eef633dba9bf30c941dde6e706b5bbe89af
Results/Manuscript_Ready/Figure_Source_Data/Figure_1_maps.csv,124692,acc9222afca4eb3403bc642559afac4ae9cc3de75ca551b55bcee0f326916bf0
Results/Manuscript_Ready/Figure_Source_Data/Figure_1_trends.csv,29488,325c824b6fc82622c9f7aa51bf7684cbc89abbc3fca946090c315bc279b7cf11
Results/Manuscript_Ready/Figure_Source_Data/Figure_2_cohort.csv,649,d3364ef3fe8e2a25474e9c19ddcbe8aa296969f57866039fb03b99c8cbba8189
Results/Manuscript_Ready/Figure_Source_Data/Figure_2_decomposition.csv,801,a254e0ddac9f99a94b20d088125ab11d0362308aab4cb763dccd95ccf0a43ae0
Results/Manuscript_Ready/Figure_Source_Data/Figure_3_SHAP.csv,843,659fdc9e1244aa6aa72d5dc339a164085b890c15a2854462cabac91d56a50c56
Results/Manuscript_Ready/Figure_Source_Data/Figure_3_broad_PAF.csv,8495,3984cc189f8e400a21c2e852df4e35cdeb877907c55c0874b9bdf43a8010309b
Results/Manuscript_Ready/Figure_Source_Data/Figure_3_specific_PAF.csv,88598,e4eac726ea48d51618b6715a26b5ad637683ff4a4b79f811570975d9eebec4bc
Results/Manuscript_Ready/Figure_Source_Data/Figure_4_HCA_age.csv,183,c30c9585b4d277b8ded0be96bcc1f4211b48b387485e45509b50a179b370aeaa
Results/Manuscript_Ready/Figure_Source_Data/Figure_4_HCA_risk.csv,6656,32a696d194420a9a4c1aa137d841069f538eca2a351e0e964d72e0f4aa6aec8f
Results/Manuscript_Ready/Figure_Source_Data/Figure_4_MIR.csv,25794,c0521bc0e7039ed54ed9823aeaf5f59bdf7fe3024b80ad198f5b4b9964e08db0
Results/Manuscript_Ready/Figure_Source_Data/Figure_5_projection.csv,200477,84fca2a153eeb34ad520440d4e121d5b3a592a7c4e24ac8693bca3cba0ba6d3e
Results/Manuscript_Ready/Figure_Source_Data/Figure_6_comparison.csv,833,a888e551552fdf5fb3fbedb71c064199762e825a17472d55a121b902411f149b
Results/Manuscript_Ready/Figure_Source_Data/Figure_6_scatter.csv,842,b0911fce420372f344139e782fabf545e48f6a8177c27a0a0e80f84c923cb424
Results/Manuscript_Ready/MANUSCRIPT_OUTPUT_INDEX.csv,4441,5244f5e18ca9e83b761daa45d61bfe1da95c3a9ec046b9268a01aad7f25df45f
Results/Manuscript_Ready/Main_Figures/Figure_1_Breast_cancer_burden_and_temporal_trends.pdf,1702584,cedf2cc6138b1a7f6a7242d507ba1798dd3c7bc95ea38528d61f8ccee8836372
Results/Manuscript_Ready/Main_Figures/Figure_1_Breast_cancer_burden_and_temporal_trends.png,5241314,e9eaf04538f950755e61f409c3369c144286244a28810b099ff9a5f5e600fa70
Results/Manuscript_Ready/Main_Figures/Figure_2_Decomposition_and_birth_cohort_patterns.pdf,7573,2caf91f267f7798b7e89d79fc2285eaac5b64fcb76d190ce658542318a9f06d7
Results/Manuscript_Ready/Main_Figures/Figure_2_Decomposition_and_birth_cohort_patterns.png,897341,bae92f019b255a2d955d33f82f8b7f6a350e688cc86a5aff93566e62183a04de
Results/Manuscript_Ready/Main_Figures/Figure_3_GBD_risk_attribution_and_exploratory_SHAP_ranking.pdf,69885,e7c443ab9af4f674a2a434fadc23ad33a93d64a5a1c81158bf28be2dd14b2683
Results/Manuscript_Ready/Main_Figures/Figure_3_GBD_risk_attribution_and_exploratory_SHAP_ranking.png,1531137,9bdd25dc03e90844ff0512f704a3e39397fe94b5bb2d3e664197691c31dd3ed6
Results/Manuscript_Ready/Main_Figures/Figure_4_MIR_and_mortality_related_productivity_loss.pdf,13336,67c5117e04cc86800e60aff9fed617b2ae896fd98f45bee973a89e77c25ba859
Results/Manuscript_Ready/Main_Figures/Figure_4_MIR_and_mortality_related_productivity_loss.png,1287453,b4d72db5cacc7749a76bbb8b36d6136b20c35dac775cb9bdabba6263167f29d8
Results/Manuscript_Ready/Main_Figures/Figure_5_Status_quo_incidence_projections.pdf,39751,538faa83521a62e5fd26efe07330c6c9d01f8d705897b8d7668ca368f84aecc5
Results/Manuscript_Ready/Main_Figures/Figure_5_Status_quo_incidence_projections.png,1068696,3eb61fb07f57938010a7a115397f395af1dca6607a1f58ceaf72cdab8bc769c8
Results/Manuscript_Ready/Main_Figures/Figure_6_GBD_and_GLOBOCAN_external_comparison.pdf,6987,ecd98bd0eaa57827a760ea3eda90c075e5cc67f14264db4ab532b9667373b8ed
Results/Manuscript_Ready/Main_Figures/Figure_6_GBD_and_GLOBOCAN_external_comparison.png,547795,05b1d8778e4c52faef52629339e51517abefa65534001716df4f59a22a7392d5
Results/Manuscript_Ready/Main_Tables/Table_1_Breast_cancer_burden_and_temporal_trends.csv,2110,eaecc9baa59eb71ed88bbeb0b9280d24f5302d0d5764073635182a17f8e3f5d3
Results/Manuscript_Ready/Main_Tables/Table_2_Sequential_decomposition_of_increased_cases.csv,391,f4611b254be44bc98bac3317f44b563d1b66c6fe8e5c78759f6aebe51c56795f
Results/Manuscript_Ready/Supplementary_Figures/Supplementary_Figure_S1_SHAP_temporal_stability.pdf,7865,74830774c6df4a2b6bea33dc36469396e57a9b7388b01d4380d56febc251e385
Results/Manuscript_Ready/Supplementary_Figures/Supplementary_Figure_S1_SHAP_temporal_stability.png,550268,ea19a1b952eb44fa08462ba8d085e4305c0eb839acca16ef88a7e024d5b55473
Results/Manuscript_Ready/Supplementary_Figures/Supplementary_Figure_S2_SHAP_structure_and_target_sensitivity.pdf,6872,2e888bc9ae916e1f5ce420cfba527d9c9eed5361f3f8736288c38229470e01ce
Results/Manuscript_Ready/Supplementary_Figures/Supplementary_Figure_S2_SHAP_structure_and_target_sensitivity.png,559993,2ecb5c558e5362d58342d5782f5a22a03bb1463c7838205be57e3ec864a1f57e
Results/Manuscript_Ready/Supplementary_Figures/Supplementary_Figure_S3_Age_specific_PAF_trends.pdf,9475,613401e47d1ea81d49d25498e572ac362809e806ecd6f60d15933e57bb8ada2c
Results/Manuscript_Ready/Supplementary_Figures/Supplementary_Figure_S3_Age_specific_PAF_trends.png,778948,d7c5f85e839ff4383244047b1e0713f4cec14bee7c7c0dade6b953a53128002a
Results/Manuscript_Ready/Supplementary_Figures/Supplementary_Figure_S4_Projection_anchor_sensitivity.pdf,6623,abdbbf021910fb5859efd5237657413b46e1b541f7472b6f2f77d0c5b19afe7d
Results/Manuscript_Ready/Supplementary_Figures/Supplementary_Figure_S4_Projection_anchor_sensitivity.png,453836,6be9f7963f58c6aff6b0a2ae294eb52017fea6c3fc22e066779f0ef9133bc63f
Results/Manuscript_Ready/Supplementary_Figures/Supplementary_Figure_S5_GLOBOCAN_baseline_sensitivity.pdf,6647,1702948735793f89d3b2f1224cebe0d722bea27122430d2040e28f80d04bfec3
Results/Manuscript_Ready/Supplementary_Figures/Supplementary_Figure_S5_GLOBOCAN_baseline_sensitivity.png,739500,cdec6cbff02a933e84c2d309db354f62843fee0f4575af4ede16bc64dee525d8
Results/Manuscript_Ready/Supplementary_Figures/Supplementary_Figure_S6_HCA_productivity_loss_sensitivity.pdf,6623,3008b00fffc63b0dd693b689d8341a22345bde7053951be45188bb7c020e2f92
Results/Manuscript_Ready/Supplementary_Figures/Supplementary_Figure_S6_HCA_productivity_loss_sensitivity.png,804404,0303612afd426505d6840eacf78b0538f5e407cc8c3a3fa5dd046fefbdd64dc8
Results/Manuscript_Ready/Supplementary_Tables/Supplementary_Table_S10_SHAP_structure_sensitivity_summary.csv,1557,e085dd4c8a733dbd779c099e116dd9d131a1a9a74f47cb874935f137bd4aeced
Results/Manuscript_Ready/Supplementary_Tables/Supplementary_Table_S11_Anchored_vs_unanchored_projection.csv,11135,9448f9d1144403a85be115412977abd9d26a8fe4ceaffd4e63e594111f501253
Results/Manuscript_Ready/Supplementary_Tables/Supplementary_Table_S12_GLOBOCAN_baseline_scaled_projection.csv,5440,900dca609fb77c2e2693b498907eeb493adfc4b54de7dc2deaf77c6147d190c3
Results/Manuscript_Ready/Supplementary_Tables/Supplementary_Table_S13_HCA_sensitivity_scenarios_2023.csv,1296,3e766a775e64fd13442a0fdc61f6d62abc543b29945ae4598c11936c6064ea4c
Results/Manuscript_Ready/Supplementary_Tables/Supplementary_Table_S14_Burden_counts_rates_and_95UI.csv,16718,7cdb7bff58133fb2da021a3e3a511bf341086f264adf8445a7e66cef6c33c776
Results/Manuscript_Ready/Supplementary_Tables/Supplementary_Table_S15_Age_specific_PAF_selected_years.csv,10264,c212d60b3a257e0231fcd0a1e6d609210f061a2ccf1d26099269c452f6067f0a
Results/Manuscript_Ready/Supplementary_Tables/Supplementary_Table_S16_MIR_selected_years.csv,6071,ef0672d17de57ce3513c94dac2e0841fd0f97d9af169d674df9e3138389e0260
Results/Manuscript_Ready/Supplementary_Tables/Supplementary_Table_S17_Data_provenance.csv,1012,b4857c60034078ff033c4953cbcb24f008abc9df8cd2bc29417786eea164547d
Results/Manuscript_Ready/Supplementary_Tables/Supplementary_Table_S1_GBD_vs_GLOBOCAN_2022.csv,833,a888e551552fdf5fb3fbedb71c064199762e825a17472d55a121b902411f149b
Results/Manuscript_Ready/Supplementary_Tables/Supplementary_Table_S2_Decomposition_results.csv,597,77d7da292b88e3134920651289aa48a84203b43edcd58c128aca2f638216264c
Results/Manuscript_Ready/Supplementary_Tables/Supplementary_Table_S3_PAF_and_SHAP_ranking_2023.csv,413,cb329c5047e58c41b13469220e2cb5a73e63f5d645a8a0894b192e3c9ca80f80
Results/Manuscript_Ready/Supplementary_Tables/Supplementary_Table_S4_Productivity_losses_selected_years.csv,616,38316a062bc20e353561ad8563740074f54e50a2cf76c01ae814f73ec0249c4b
Results/Manuscript_Ready/Supplementary_Tables/Supplementary_Table_S5_BAPC_selected_years_95UI.csv,2397,83f6f85b8ea37473536e718b7503bda0b7b6257b9ab0e1902f6ffc46d2df067e
Results/Manuscript_Ready/Supplementary_Tables/Supplementary_Table_S6_SHAP_feature_status_and_importance.csv,843,659fdc9e1244aa6aa72d5dc339a164085b890c15a2854462cabac91d56a50c56
Results/Manuscript_Ready/Supplementary_Tables/Supplementary_Table_S7_PAF_feature_completeness.csv,465,8b7f9a6e7d5aa32c35df9bf4818852726c7b0dcc5f0a50fbaed4ada2831cdd0f
Results/Manuscript_Ready/Supplementary_Tables/Supplementary_Table_S8_High_BMI_source_validation_by_age.csv,511,ecc82e610c28dd7955914710e459c2d3586369aeda1bebcc7403f78c8f9c1b5c
Results/Manuscript_Ready/Supplementary_Tables/Supplementary_Table_S9_SHAP_temporal_bootstrap_summary.csv,819,a693cc657ce1da7040d81b30a08a98b9a555d95ac9b3ddd23ce44d78964ce5a2
Results/Manuscript_Ready/Supplementary_Tables/Supplementary_Tables_S1_to_S17.xlsx,68873,2f1c284888e985530feeb4ecdbbee150b8c0aec35e19503cc2bcabb9166d44a5
Results/Sensitivity_Results/Reporting_Assumptions_v1.1.10.txt,1167,1fd3e94a024ec919c28d807de8f5dbec06873c2654dbffde5a0a278f3cdbe81b
Results/Sensitivity_Results/SHAPTemporal_block_bootstrap_SHAP_all_replicates.csv,103569,dccf86d13606a780a39636df0435c2740761359ecc010f7bc3b7d34ef642b95f
Results/Sensitivity_Results/SHAPTemporal_calendar_block_bootstrap_draws.csv,41382,4040cfb11d1da087c08f5bf39e1123894ab8e0942c96c2deefd20728d9b18648
Results/Sensitivity_Results/SHAPTemporal_interpretation_rules.txt,1222,b6bcdbb94271716ab6b8d1ff3acff732618047f45ab50e65a51dd76972b2d0c4
Source_Data_Access/DATA_SOURCES.md,4586,73c5e7c62c92260cde26a6a6bd3ce8d5eb1dec388cdb9f159c77252194b70354
Source_Data_Access/EXPECTED_INPUT_FILES.txt,1963,461e78b886aa750ee772d32d7ce3e02d9e4b76d1a1979fe0816eda74750666d5
Source_Data_Access/GBD_QUERY_SPECIFICATIONS.md,2411,ba0d7d5682baf90a7e2dc5cc836135734c3c8a87ad6b3ea1e413720db6bd1de5
