location_name,age_name,year,Pred_Rate,Lwr_95,Upr_95,Lwr_80,Upr_80,Lwr_60,Upr_60,Lwr_40,Upr_40,Lwr_20,Upr_20,Lwr_10,Upr_10,Invalid_95,Invalid_80,Invalid_60,Invalid_40,Invalid_20,Invalid_10,Invalid_Lower_Nesting,Invalid_Upper_Nesting,Mean_Outside_95,Mean_Outside_80,Mean_Outside_60,Mean_Outside_40,Mean_Outside_20,Mean_Outside_10
China,25-29 years,2032,7.0997791367912315,3.7974610998673426,12.02275536002045,4.686284015892106,9.846529617628132,5.34391562669205,8.675151511537372,5.8638968710256405,7.923107939120518,6.342241851715897,7.333258264560473,6.579453970317674,7.070657033518022,FALSE,FALSE,FALSE,FALSE,FALSE,FALSE,FALSE,FALSE,FALSE,FALSE,FALSE,FALSE,FALSE,TRUE
China,25-29 years,2033,7.303559129334443,3.520746897110688,13.318225300418499,4.488029685951381,10.572816676387593,5.2222309564973415,9.133949130111061,5.812706436424928,8.22612397337908,6.363080144326999,7.52348819986746,6.638430128133365,7.21347110574368,FALSE,FALSE,FALSE,FALSE,FALSE,FALSE,FALSE,FALSE,FALSE,FALSE,FALSE,FALSE,FALSE,TRUE
China,30-34 years,2033,16.360842543629563,8.639723442293048,27.872508450817197,10.748805919169307,22.719104768180358,12.290731702068054,19.994406772254433,13.500699975148146,18.256291309794758,14.608647259991619,16.89587384859563,15.156863871371279,16.290330496439072,FALSE,FALSE,FALSE,FALSE,FALSE,FALSE,FALSE,FALSE,FALSE,FALSE,FALSE,FALSE,FALSE,TRUE
China,35-39 years,2033,32.25087027464588,17.41134286350904,53.99180582035237,21.54668346741503,44.28631750055406,24.534496216058585,39.161176736172315,26.859822154985896,35.886935100758315,28.976576413552195,33.31773484498694,30.020254313399203,32.17147856021405,FALSE,FALSE,FALSE,FALSE,FALSE,FALSE,FALSE,FALSE,FALSE,FALSE,FALSE,FALSE,FALSE,TRUE
China,40-44 years,2033,60.83669053935542,32.86262038371296,101.79628833183995,40.662799585040474,83.51373443454516,46.296718482201854,73.85928156770139,50.680344299870406,67.69100330610335,54.67002314975606,62.85047203276379,56.63692628358524,60.69067425584742,FALSE,FALSE,FALSE,FALSE,FALSE,FALSE,FALSE,FALSE,FALSE,FALSE,FALSE,FALSE,FALSE,TRUE
China,45-49 years,2033,105.60534429505508,57.058399906179496,176.68307104894717,70.59702325304607,144.95607289117848,80.37459712497008,128.20303668716318,87.98182172598099,117.49966669929125,94.90513998696252,109.1002632845659,98.31825223147565,105.3525117168541,FALSE,FALSE,FALSE,FALSE,FALSE,FALSE,FALSE,FALSE,FALSE,FALSE,FALSE,FALSE,FALSE,TRUE
China,25-29 years,2034,7.534513003548833,3.2504413380363664,14.815476588773878,4.286533670348706,11.38331505877426,5.09431193398449,9.633886987758686,5.7556382159879025,8.550008172046123,6.380587444991236,7.722671597263509,6.696145855181794,7.361047176786602,FALSE,FALSE,FALSE,FALSE,FALSE,FALSE,FALSE,FALSE,FALSE,FALSE,FALSE,FALSE,FALSE,TRUE
China,30-34 years,2034,16.829588047288304,8.01764934979682,30.844100369088878,10.30217872455656,24.37409334631969,12.01757121477156,21.038918412542433,13.387561502001931,18.946834107091465,14.65900356208348,17.330510334132736,15.293762241162815,16.617413398668283,FALSE,FALSE,FALSE,FALSE,FALSE,FALSE,FALSE,FALSE,FALSE,FALSE,FALSE,FALSE,FALSE,TRUE
China,35-39 years,2034,33.1265840849896,16.24421067079664,59.40962014052493,20.72999283308367,47.324538613434605,24.051691624735216,41.09746038260851,26.678926420487574,37.18228232832672,29.100196452668126,34.14742515181462,30.303884869269062,32.804564202259314,FALSE,FALSE,FALSE,FALSE,FALSE,FALSE,FALSE,FALSE,FALSE,FALSE,FALSE,FALSE,FALSE,TRUE
China,40-44 years,2034,62.8044117472887,30.841639354079966,112.5112576333351,39.34494557182947,89.6596528501489,45.63732328145999,77.88584871871676,50.61164573702856,70.48253823580676,55.194287171900584,64.74290379561273,57.47193769662983,62.20284643514718,FALSE,FALSE,FALSE,FALSE,FALSE,FALSE,FALSE,FALSE,FALSE,FALSE,FALSE,FALSE,FALSE,TRUE
China,45-49 years,2034,106.33529282252024,52.23957210458747,190.4809835369224,66.6323928574181,151.78859696113776,77.28094279392273,131.8574219111089,85.69852745177302,119.32654352853763,93.45334248576225,109.6124971734245,97.30768035448455,105.31378827514186,FALSE,FALSE,FALSE,FALSE,FALSE,FALSE,FALSE,FALSE,FALSE,FALSE,FALSE,FALSE,FALSE,TRUE
China,25-29 years,2035,7.796903147258042,2.9888012581823498,16.547462289232044,4.083495966076428,12.287568930965973,4.961144222553153,10.178237496492194,5.693151199961196,8.895877536167047,6.394887454235508,7.931076324533332,6.752640389763986,7.513476525788655,FALSE,FALSE,FALSE,FALSE,FALSE,FALSE,FALSE,FALSE,FALSE,FALSE,FALSE,FALSE,FALSE,TRUE
China,30-34 years,2035,17.360514241157333,7.408553549280907,34.27898912574215,9.846850662903414,26.221862772433326,11.729273474282987,22.177840001835413,13.260453741506058,19.68543711745701,14.701519461324397,17.78584811283725,15.427689173043028,16.95552383150124,FALSE,FALSE,FALSE,FALSE,FALSE,FALSE,FALSE,FALSE,FALSE,FALSE,FALSE,FALSE,FALSE,TRUE
China,35-39 years,2035,34.1121585398342,15.091331693931856,65.65099818391506,19.88959815681897,50.71089959954934,23.53594469087288,43.207125285453394,26.4694369452192,38.56731665806711,29.208315718780128,35.01641406417855,30.581731805175195,33.45878879376945,FALSE,FALSE,FALSE,FALSE,FALSE,FALSE,FALSE,FALSE,FALSE,FALSE,FALSE,FALSE,FALSE,TRUE
China,40-44 years,2035,64.93894484013728,28.817509849144436,124.70678371581695,37.952682728602134,96.4042095458291,44.885353407874234,82.19056063133392,50.457183697955884,73.3999992078126,55.655592661896364,66.67025086238807,58.26118575366553,63.717313588262904,FALSE,FALSE,FALSE,FALSE,FALSE,FALSE,FALSE,FALSE,FALSE,FALSE,FALSE,FALSE,FALSE,TRUE
China,45-49 years,2035,108.02837526228879,47.95815429179093,207.4545744010584,63.15052656295348,160.36044325999,74.67790209915172,136.71526407764222,83.94222406518756,122.0941313846043,92.5858684654047,110.9019938690942,96.91844758180501,105.99133528408386,FALSE,FALSE,FALSE,FALSE,FALSE,FALSE,FALSE,FALSE,FALSE,FALSE,FALSE,FALSE,FALSE,TRUE
China,25-29 years,2036,8.095652825829756,2.73759975308666,18.5533915320244,3.8804217041566567,13.296500939889366,4.823638223073505,10.770664527620683,5.625674370574026,9.264970141132865,6.406091799480803,8.149000816527751,6.807946619610709,7.670861889415655,FALSE,FALSE,FALSE,FALSE,FALSE,FALSE,FALSE,FALSE,FALSE,FALSE,FALSE,FALSE,FALSE,TRUE
China,30-34 years,2036,17.96342613217761,6.8177752960771665,38.25247449548246,9.386853887825538,28.284049530531785,11.42818683833359,23.418561193679302,13.120484082939432,20.474610496881265,14.73650817671169,18.262484901504173,15.558753111244433,17.304867280729137,FALSE,FALSE,FALSE,FALSE,FALSE,FALSE,FALSE,FALSE,FALSE,FALSE,FALSE,FALSE,FALSE,TRUE
China,35-39 years,2036,35.225331815559365,13.962569520923676,72.85060904261037,19.032219804006207,54.48602785695743,22.99077323836698,45.50494494724369,26.232745983745872,40.047509329896954,29.301149660617746,35.92622398475066,30.853808083666273,34.134739388700616,FALSE,FALSE,FALSE,FALSE,FALSE,FALSE,FALSE,FALSE,FALSE,FALSE,FALSE,FALSE,FALSE,TRUE
China,40-44 years,2036,67.24487056630782,26.80339379388162,138.53870642364114,36.489828760155454,103.76627441792816,44.03570960704473,86.76064198628673,50.205101724413034,76.42213056150844,56.03684056201585,68.60983602427851,58.98549419205005,65.21201594292444,FALSE,FALSE,FALSE,FALSE,FALSE,FALSE,FALSE,FALSE,FALSE,FALSE,FALSE,FALSE,FALSE,TRUE
China,45-49 years,2036,110.99594874737483,44.253136411788255,228.6755957722036,60.23988125957153,171.27175359453844,72.69228661016427,143.2017480257676,82.87288331161155,126.13828467653497,92.49637186146964,113.24511325150371,97.3622886474803,107.63765995531607,FALSE,FALSE,FALSE,FALSE,FALSE,FALSE,FALSE,FALSE,FALSE,FALSE,FALSE,FALSE,FALSE,TRUE
China,25-29 years,2037,8.436497537425678,2.498181544578705,20.87993152888813,3.678637268469758,14.422586688272634,4.6826369537222945,11.415251227135306,5.553611843452756,9.658646546803446,6.414302762618766,8.376772019390907,6.862092436413338,7.833316139769153,FALSE,FALSE,FALSE,FALSE,FALSE,FALSE,FALSE,FALSE,FALSE,FALSE,FALSE,FALSE,TRUE,TRUE
China,30-34 years,2037,18.64965079653594,6.24954546618508,42.85415713921941,8.925763870659301,30.58543789469577,11.116476409934773,24.769372911667535,12.968682065050384,21.317146425038636,14.764249003175058,18.761089738888106,15.68704340198775,17.66567479036514,FALSE,FALSE,FALSE,FALSE,FALSE,FALSE,FALSE,FALSE,FALSE,FALSE,FALSE,FALSE,FALSE,TRUE
China,35-39 years,2037,36.48645532211815,12.86660316641481,81.16673892803016,18.164477389100856,58.69535269729228,22.41989738432094,48.00680556490931,25.970457084339454,41.62853060527374,29.379034287439424,36.87836473480073,31.120192161804795,34.8329883185492,FALSE,FALSE,FALSE,FALSE,FALSE,FALSE,FALSE,FALSE,FALSE,FALSE,FALSE,FALSE,FALSE,TRUE
China,40-44 years,2037,69.71049648201543,24.806486388946688,154.15218538348256,34.952128326552284,111.73746886417321,43.07247984630094,91.5567931693832,49.83013521157956,79.50372385297312,56.304968557416,70.517761414891865,59.60843267277804,66.64501442864578,FALSE,FALSE,FALSE,FALSE,FALSE,FALSE,FALSE,FALSE,FALSE,FALSE,FALSE,FALSE,FALSE,TRUE
China,45-49 years,2037,115.26360244612047,41.020220869349025,254.8633462974808,57.796816470897575,184.7454458851113,71.22364233600086,151.38278374656377,82.39681422594066,131.45627326260995,93.10205096297439,116.60013870629928,98.56377354269684,110.19739399714524,FALSE,FALSE,FALSE,FALSE,FALSE,FALSE,FALSE,FALSE,FALSE,FALSE,FALSE,FALSE,FALSE,TRUE
China,25-29 years,2038,8.826173066460221,2.2715140402906995,23.582672527902638,3.4793037509357916,15.680061602216693,4.538921720154493,12.116534557191327,5.477346481838314,10.078393412505104,6.41961525605695,8.614744166065107,6.915101726005494,8.00096136707903,FALSE,FALSE,FALSE,FALSE,FALSE,FALSE,FALSE,FALSE,FALSE,FALSE,FALSE,FALSE,TRUE,TRUE
China,30-34 years,2038,19.432386915150364,5.707105960724215,48.19068171432256,8.46673529183246,33.15435500232252,10.796143120779735,26.239529784447246,12.806012636891483,22.21612211652133,14.784994899221383,19.282398694206982,15.812634557994254,18.038200622580806,FALSE,FALSE,FALSE,FALSE,FALSE,FALSE,FALSE,FALSE,FALSE,FALSE,FALSE,FALSE,TRUE,TRUE
China,35-39 years,2038,37.91908134565907,11.810720095626062,90.78640947202142,17.29263936711303,63.390111733638854,21.827051257161095,50.730027007945125,25.684261253970234,43.3163817169864,29.44236006706381,37.87437950981505,31.38098883158874,35.55410847842447,FALSE,FALSE,FALSE,FALSE,FALSE,FALSE,FALSE,FALSE,FALSE,FALSE,FALSE,FALSE,TRUE,TRUE
China,40-44 years,2038,72.36263731653358,22.84580680061495,171.8052022985491,33.353596339134604,120.36950171865658,42.00215764744332,96.58476445360208,49.33243949224599,82.63790449199517,56.45504085626867,72.38423355378738,60.12305354846827,68.00678986986141,FALSE,FALSE,FALSE,FALSE,FALSE,FALSE,FALSE,FALSE,FALSE,FALSE,FALSE,FALSE,FALSE,TRUE
China,45-49 years,2038,120.39509275610808,38.02091474412075,285.7822286584605,55.50583567993001,200.24409067793175,69.89557932102439,160.68769984217448,82.09087004612827,137.49138962387389,93.9397997030234,120.43665351965747,100.04150229007023,113.15543874298942,FALSE,FALSE,FALSE,FALSE,FALSE,FALSE,FALSE,FALSE,FALSE,FALSE,FALSE,FALSE,FALSE,TRUE
China,25-29 years,2039,9.272650353966952,2.0582349998671865,26.727910648912143,3.283428823595135,17.08516347958538,4.3932163772330535,12.879546227319068,5.397242489866177,10.525828848093532,6.422118287282661,8.863298129295398,6.966995108919789,8.173928235913124,FALSE,FALSE,FALSE,FALSE,FALSE,FALSE,FALSE,FALSE,FALSE,FALSE,FALSE,FALSE,TRUE,TRUE
China,30-34 years,2039,20.32713944990248,5.192823328848925,54.38907734979103,8.012533287352904,36.023138631973836,10.469038146764692,27.83932733306359,12.633385871636376,23.174907384340028,14.798978087426619,19.82721203758647,15.935589356440325,18.42272043045104,FALSE,FALSE,FALSE,FALSE,FALSE,FALSE,FALSE,FALSE,FALSE,FALSE,FALSE,FALSE,TRUE,TRUE
China,35-39 years,2039,39.55069579053244,10.800771975765494,101.93131332842485,16.42249185373857,68.62835449987651,21.215878271748792,53.69362628881668,25.375869241272675,45.11748573330286,29.491537397759174,38.91587405663081,31.63630970664309,36.29868413117239,FALSE,FALSE,FALSE,FALSE,FALSE,FALSE,FALSE,FALSE,FALSE,FALSE,FALSE,FALSE,TRUE,TRUE
China,40-44 years,2039,75.36632580007132,20.968063334955563,192.14412409714313,31.758020523209332,129.95727397479675,40.89946539022192,102.03670513350261,48.79599859776288,85.97298045642536,56.581064931998114,74.33236854362649,60.62914240735169,69.41134974079318,FALSE,FALSE,FALSE,FALSE,FALSE,FALSE,FALSE,FALSE,FALSE,FALSE,FALSE,FALSE,TRUE,TRUE
China,45-49 years,2039,126.02805293881444,35.092277936309976,321.1487822731763,53.14065228842008,217.2538124591238,68.42750517626996,170.60518368724206,81.6298534733956,143.76425705321873,94.64378513665753,124.31205716146414,101.41008570506077,116.08807168371952,FALSE,FALSE,FALSE,FALSE,FALSE,FALSE,FALSE,FALSE,FALSE,FALSE,FALSE,FALSE,TRUE,TRUE
China,25-29 years,2040,9.785430503990444,1.8586971500372862,30.394817412827145,3.0918776477325354,18.656415229573696,4.246190679917167,13.709860045913395,5.313647304866488,11.002709229183953,6.421896064476226,9.122841193547208,7.017790504705821,8.352355532849483,FALSE,FALSE,FALSE,FALSE,FALSE,FALSE,FALSE,FALSE,FALSE,FALSE,FALSE,FALSE,TRUE,TRUE
China,30-34 years,2040,21.352263040579686,4.708296633067359,61.60082171354689,7.565561540152452,39.228685828386475,10.136874040433105,29.580193645777285,12.451664127413897,24.19717606794639,14.806414238460844,20.3963925668261,16.055961127754482,18.819529862207652,FALSE,FALSE,FALSE,FALSE,FALSE,FALSE,FALSE,FALSE,FALSE,FALSE,FALSE,FALSE,TRUE,TRUE
China,35-39 years,2040,41.413632710366656,9.84122090279052,114.86486170855613,15.559275131384206,74.47601263090324,20.58987278149727,56.91855785436907,25.046974282009522,47.038755847415,29.52697866434019,40.00453548461818,31.88626359646637,37.06731810921053,FALSE,FALSE,FALSE,FALSE,FALSE,FALSE,FALSE,FALSE,FALSE,FALSE,FALSE,FALSE,TRUE,TRUE
China,40-44 years,2040,78.77881965167371,19.178875821331324,215.63568242390423,30.171976205890854,140.62203373638548,39.76813471566898,107.95334839978044,48.22193591866755,89.52346774795369,56.68268477034064,76.36615224755656,61.126264915524615,70.86017815113912,FALSE,FALSE,FALSE,FALSE,FALSE,FALSE,FALSE,FALSE,FALSE,FALSE,FALSE,FALSE,TRUE,TRUE
China,45-49 years,2040,132.27854532229318,32.26569413597265,361.70574766112276,50.73880667074707,235.98038590192905,66.85480384094049,181.2213596828836,81.04596439627427,150.3237667664276,95.2439595957153,128.26109518696308,102.69913181689921,119.02691567954919,FALSE,FALSE,FALSE,FALSE,FALSE,FALSE,FALSE,FALSE,FALSE,FALSE,FALSE,FALSE,TRUE,TRUE
China,25-29 years,2041,10.375917539259948,1.6730098179287423,34.67808151509152,2.905383174060793,20.4149534743423,4.098463041652657,14.613645971082828,5.2268929983397054,11.510937322766434,6.419028843666496,9.393807143114334,7.067503568604386,8.536389852219985,FALSE,FALSE,FALSE,FALSE,FALSE,FALSE,FALSE,FALSE,FALSE,FALSE,FALSE,FALSE,TRUE,TRUE
China,30-34 years,2041,22.52964519055339,4.254459348124517,70.00678573284883,7.12788824230609,42.81309281629482,9.801233583728834,31.474795772488676,12.261667370454449,25.286920844108,14.80750563655309,20.990864844706454,16.173795474640308,19.22894351342683,FALSE,FALSE,FALSE,FALSE,FALSE,FALSE,FALSE,FALSE,FALSE,FALSE,FALSE,FALSE,TRUE,TRUE
China,35-39 years,2041,43.54622046086238,8.935235949623271,129.90065000949218,14.707659895943944,81.00808522592902,19.9523481890025,60.427950971319284,24.69923174514641,49.08765188369479,29.54908920439653,41.14214482111734,32.13095198459448,37.860636489791794,FALSE,FALSE,FALSE,FALSE,FALSE,FALSE,FALSE,FALSE,FALSE,FALSE,FALSE,FALSE,TRUE,TRUE
China,40-44 years,2041,82.66766554325004,17.482919571330076,242.83083240379975,28.602221139404957,152.49953240597358,38.61247265360559,114.37844036097552,47.611913761782226,93.30436533657083,56.75986076794735,78.4895330211105,61.61416830346536,72.3547296906884,FALSE,FALSE,FALSE,FALSE,FALSE,FALSE,FALSE,FALSE,FALSE,FALSE,FALSE,FALSE,TRUE,TRUE
China,45-49 years,2041,139.19675077279854,29.546927492733445,408.10187825909816,48.30298442982688,256.51051561988874,65.16951435367291,192.51898443244008,80.32022314077577,157.12945455979366,95.71105922125109,132.24072677358507,103.87478482967828,121.93090626225012,FALSE,FALSE,FALSE,FALSE,FALSE,FALSE,FALSE,FALSE,FALSE,FALSE,FALSE,FALSE,TRUE,TRUE
China,25-29 years,2042,11.057892319649275,1.5010775378000707,39.69112891668238,2.7245560295810094,22.384909891576743,3.9506029083651963,15.597731327406514,5.137297327209732,12.052571644247616,6.41359358572076,9.676656597946259,7.11614803373732,8.726185383996384,FALSE,FALSE,FALSE,FALSE,FALSE,FALSE,FALSE,FALSE,FALSE,FALSE,FALSE,FALSE,TRUE,TRUE
China,30-34 years,2042,23.8855703684566,3.8316749615325416,79.82325377191229,6.70127059303963,46.82439908749866,9.463577071455308,33.53716150439938,12.064177169116153,26.448471110313484,14.802443603182331,21.611615159884796,16.28913158279502,19.651294155157842,FALSE,FALSE,FALSE,FALSE,FALSE,FALSE,FALSE,FALSE,FALSE,FALSE,FALSE,FALSE,TRUE,TRUE
China,35-39 years,2042,45.994225795344576,8.084816521221509,147.41268970650535,13.871747463940965,88.30997900224737,19.306420487542898,64.24735695840562,24.334248272556717,51.272231424038964,29.558263107093477,42.33058587568855,32.37046716673695,38.679291601732906,FALSE,FALSE,FALSE,FALSE,FALSE,FALSE,FALSE,FALSE,FALSE,FALSE,FALSE,FALSE,TRUE,TRUE
China,40-44 years,2042,87.11313489842067,15.883647156976059,274.3826640124591,27.05532178464554,165.74271762365038,37.43706796027742,121.35941723230847,46.96793751602798,97.331388135775,56.81276445261501,80.70649401561352,62.09271820005382,73.89645154657237,FALSE,FALSE,FALSE,FALSE,FALSE,FALSE,FALSE,FALSE,FALSE,FALSE,FALSE,FALSE,TRUE,TRUE
China,45-49 years,2042,146.80509824281978,26.936240140920486,460.96936135863643,45.82627890312185,278.8596701649367,63.34881285847839,204.4184965296382,79.41317396928065,164.08955944914277,95.98915249245883,136.16613208852596,104.873129192491,124.7214015304654,FALSE,FALSE,FALSE,FALSE,FALSE,FALSE,FALSE,FALSE,FALSE,FALSE,FALSE,FALSE,TRUE,TRUE
China,25-29 years,2043,11.848118923219149,1.3426355573009372,45.570052695561614,2.5498940908124537,24.593853504584953,3.8031328859673437,16.66966981208134,5.0451645334275605,12.629837016988667,6.4056644708135515,9.971877550517751,7.1637359820202136,8.921903778925566,FALSE,FALSE,FALSE,FALSE,FALSE,FALSE,FALSE,FALSE,FALSE,FALSE,FALSE,FALSE,TRUE,TRUE
China,30-34 years,2043,25.451819756863475,3.4398259231380077,91.30926058099602,6.2871782383814265,51.31745120886935,9.125248523664832,35.78281758165861,11.85993972078131,27.686513762525806,14.791410372996795,22.259692072388255,16.402003233746427,20.08693217992607,FALSE,FALSE,FALSE,FALSE,FALSE,FALSE,FALSE,FALSE,FALSE,FALSE,FALSE,FALSE,TRUE,TRUE
China,35-39 years,2043,48.8126840399118,7.290928119305761,167.84782046025154,13.055084704626777,96.47904010222125,18.655000978606818,68.4050149635042,23.95357627728059,53.60119942999902,29.554881622590287,43.57185199036653,32.60489176317127,39.523963964784556,FALSE,FALSE,FALSE,FALSE,FALSE,FALSE,FALSE,FALSE,FALSE,FALSE,FALSE,FALSE,TRUE,TRUE
China,40-44 years,2043,92.21130031367542,14.383192426642387,311.06775982007343,25.53741907512658,180.5246282776667,36.24659303472252,128.94803672267372,46.29222213385787,101.62115175221554,56.841706691734515,83.02110294521934,62.561855099068836,75.48679725519276,FALSE,FALSE,FALSE,FALSE,FALSE,FALSE,FALSE,FALSE,FALSE,FALSE,FALSE,FALSE,TRUE,TRUE
China,45-49 years,2043,155.21416832491224,24.44761930763338,521.2865859480997,43.32684251347315,303.18592782774255,61.40412440378494,216.93591044197234,78.32706652924423,171.18875127381403,96.07105860576485,140.01730545546633,105.6826056142971,127.3800083798815,FALSE,FALSE,FALSE,FALSE,FALSE,FALSE,FALSE,FALSE,FALSE,FALSE,FALSE,FALSE,TRUE,TRUE
China,25-29 years,2044,12.767125582696643,1.1972821850697213,52.47841560232768,2.3817917848219308,27.073303631044915,3.6565307133291514,17.83781905762398,4.9507859613072025,13.245136340734566,6.3953133043881865,10.279986071381876,7.210278060409506,9.12371407322308,FALSE,FALSE,FALSE,FALSE,FALSE,FALSE,FALSE,FALSE,FALSE,FALSE,FALSE,FALSE,TRUE,TRUE
China,30-34 years,2044,27.267079896957128,3.078395643079404,104.77554391432727,5.8868158802992445,56.35490487721998,8.78748117484549,38.22894571207944,11.649668171139353,29.00611678921597,14.774580559628449,22.936207441289717,16.512439596609674,20.536225220038073,FALSE,FALSE,FALSE,FALSE,FALSE,FALSE,FALSE,FALSE,FALSE,FALSE,FALSE,FALSE,TRUE,TRUE
China,35-39 years,2044,52.06823291250338,6.553641394430479,191.74080506815642,12.260688107307702,105.62631536976437,18.000794551181304,72.93214284980726,23.558711460191002,56.08395877599384,29.539312953570825,44.868051641393514,32.834298918119984,40.39536356171429,FALSE,FALSE,FALSE,FALSE,FALSE,FALSE,FALSE,FALSE,FALSE,FALSE,FALSE,FALSE,TRUE,TRUE
China,40-44 years,2044,98.07794865164838,12.982388430180512,353.81190805172923,24.054087691705504,197.04160436079798,35.04567046372511,137.20100586295933,45.58710125941576,106.19133214869578,56.84708990213535,85.43755031054681,63.021565957297916,77.1272377465597,FALSE,FALSE,FALSE,FALSE,FALSE,FALSE,FALSE,FALSE,FALSE,FALSE,FALSE,FALSE,TRUE,TRUE
China,45-49 years,2044,164.8484604485846,22.124172774481067,591.2405477775268,40.88704589277917,330.26001799189424,59.446570055878695,230.50468150580357,77.19745399633659,178.73252818214343,96.11826480255083,144.0312241341647,106.4795373716064,130.1197751645639,FALSE,FALSE,FALSE,FALSE,FALSE,FALSE,FALSE,FALSE,FALSE,FALSE,FALSE,FALSE,TRUE,TRUE
China,25-29 years,2045,13.840217138895662,1.064507958903354,60.613127489703224,2.220549124599494,29.859324935468372,3.511231141850696,19.111427659391808,4.854440542551393,13.901063601773362,6.382609839391552,10.6015271607369,7.255783654617059,9.331792659974122,FALSE,FALSE,FALSE,FALSE,FALSE,FALSE,FALSE,FALSE,FALSE,FALSE,FALSE,FALSE,TRUE,TRUE
China,30-34 years,2045,29.37875885113294,2.7465433328703543,120.5954832431234,5.501145164502192,62.008387141570246,8.451402481705452,40.8945581070285,11.434044413636649,30.41275568036094,14.752122310451277,23.64233785937616,16.620465853117732,20.999557902799502,FALSE,FALSE,FALSE,FALSE,FALSE,FALSE,FALSE,FALSE,FALSE,FALSE,FALSE,FALSE,TRUE,TRUE
China,35-39 years,2045,55.8421076313557,5.8722685812603705,219.73272382546116,11.491073484800719,115.87858431291791,17.34630140106033,77.86325871543531,23.15109201068389,58.73066326443231,29.511912745339654,46.221413483247574,33.05875281679386,41.294230702781384,FALSE,FALSE,FALSE,FALSE,FALSE,FALSE,FALSE,FALSE,FALSE,FALSE,FALSE,FALSE,TRUE,TRUE
China,40-44 years,2045,104.85358691967822,11.680854544097613,403.72123063383987,22.610258329724118,215.5169069782127,33.838783088682455,146.1806302043918,44.85496473993936,111.06081143754264,56.829376085445276,87.96017998368791,63.47186570305554,78.81927044936963,FALSE,FALSE,FALSE,FALSE,FALSE,FALSE,FALSE,FALSE,FALSE,FALSE,FALSE,FALSE,TRUE,TRUE
China,45-49 years,2045,175.92990065731505,19.962896679117133,672.5752384315987,38.511859657631625,360.43985429496814,57.48056950381829,245.22779831107886,76.02600270808793,186.75357143484493,96.13023878709947,148.21598017339352,107.26320934233034,132.9435758178494,FALSE,FALSE,FALSE,FALSE,FALSE,FALSE,FALSE,FALSE,FALSE,FALSE,FALSE,FALSE,TRUE,TRUE
China,25-29 years,2046,15.098796591668012,0.9437216594772017,70.21164873253781,2.0663804652982165,32.99321804783575,3.3676277617244215,20.500732721698952,4.756395185455121,14.600418178627034,6.367622033148631,10.93707573004039,7.300261029300437,9.546323297702628,FALSE,FALSE,FALSE,FALSE,FALSE,FALSE,FALSE,FALSE,FALSE,FALSE,FALSE,TRUE,TRUE,TRUE
China,30-34 years,2046,31.845343499533154,2.44317160044716,139.21848405692222,5.130905879609453,68.35984463095771,8.118038816412483,43.80069456184797,11.213720506298174,31.912342710384415,14.724198222546464,24.379326439664737,16.726103695033608,21.477331715165672,FALSE,FALSE,FALSE,FALSE,FALSE,FALSE,FALSE,FALSE,FALSE,FALSE,FALSE,FALSE,TRUE,TRUE
China,35-39 years,2046,60.2340099519119,5.245493478869392,252.59342868401308,10.748289045339105,127.38070823516976,16.693820925660432,83.23653817635041,22.732098728984393,61.5522742076268,29.473024894816945,47.634291197097696,33.278309322810685,42.22133664870158,FALSE,FALSE,FALSE,FALSE,FALSE,FALSE,FALSE,FALSE,FALSE,FALSE,FALSE,FALSE,TRUE,TRUE
China,40-44 years,2046,112.70988502540614,10.4771234428865,462.12000445655974,21.210182908985146,236.2048428102548,32.630213826733474,155.95550272184548,44.098215178993364,116.24981683457732,56.78906523560904,90.59351435783576,63.91278508133335,80.56442667624624,FALSE,FALSE,FALSE,FALSE,FALSE,FALSE,FALSE,FALSE,FALSE,FALSE,FALSE,FALSE,TRUE,TRUE
China,45-49 years,2046,188.72860386565182,17.96007890544254,767.3697358355473,36.20615873755767,394.130546724467,55.51098796337332,261.2174291588582,74.81491727327374,195.28627432653266,96.10678462413902,152.57976838200193,108.03309042840333,135.8542696446546,FALSE,FALSE,FALSE,FALSE,FALSE,FALSE,FALSE,FALSE,FALSE,FALSE,FALSE,FALSE,TRUE,TRUE
China,25-29 years,2047,16.582102113755166,0.8342732408334433,81.56083193746176,1.9194229574226667,36.5223215712094,3.226074800399556,22.01706913146988,4.656905095250538,15.34622051472182,6.350416252710785,11.287237702463939,7.343717441529181,9.767497148897057,FALSE,FALSE,FALSE,FALSE,FALSE,FALSE,FALSE,FALSE,FALSE,FALSE,FALSE,TRUE,TRUE,TRUE
China,30-34 years,2047,34.73948016933653,2.166986830716065,161.18637836628704,4.776636453431985,75.50310818368771,7.788319958998011,46.97064344034297,10.989319807139779,33.51125920316574,14.690966073354716,25.1484849134082,16.829371722560417,21.96996495640194,FALSE,FALSE,FALSE,FALSE,FALSE,FALSE,FALSE,FALSE,FALSE,FALSE,FALSE,TRUE,TRUE,TRUE
China,35-39 years,2047,65.36713973675865,4.6714925273628465,291.2489979622971,10.033950310532536,140.29834992897514,16.04545702836563,89.09421254595455,22.30305563632148,64.56062138623713,29.422982470057104,49.10916836622709,33.49301663279115,43.177484097119084,FALSE,FALSE,FALSE,FALSE,FALSE,FALSE,FALSE,FALSE,FALSE,FALSE,FALSE,TRUE,TRUE,TRUE
China,40-44 years,2047,121.85802110881379,9.36878838662055,530.5967391449344,19.857429311253046,259.39549363385726,31.424006203097495,166.6012477216948,43.319237466821725,121.78005776002855,56.72668063286124,93.34227563496242,64.34436259431186,82.36427755109436,FALSE,FALSE,FALSE,FALSE,FALSE,FALSE,FALSE,FALSE,FALSE,FALSE,FALSE,TRUE,TRUE,TRUE
China,45-49 years,2047,203.57559998081177,16.11120896594308,878.1088251085221,33.97446218629275,431.7919722659712,53.54289954378792,278.5962663618063,73.56678094533015,204.3670684375466,96.0479629604453,157.13096975181455,108.78879041047284,138.85473290519738,FALSE,FALSE,FALSE,FALSE,FALSE,FALSE,FALSE,FALSE,FALSE,FALSE,FALSE,FALSE,TRUE,TRUE
China,25-29 years,2048,18.339506348343413,0.7354737911234015,95.00779083449342,1.7797446688558767,40.500944072185355,3.086888908579561,23.672991937379713,4.556214045705855,16.1417292451849,6.331057439256854,11.65265122444385,7.386159232746162,9.99551284295747,FALSE,FALSE,FALSE,FALSE,FALSE,FALSE,FALSE,FALSE,FALSE,FALSE,FALSE,TRUE,TRUE,TRUE
China,30-34 years,2048,38.15202869380755,1.916552497686778,187.15355088433463,4.43869370560204,83.54570960397604,7.463083464758121,50.430189276580144,10.761437903476091,35.21639092916654,14.652579406116313,25.951196010333575,16.93028576502444,22.477892762019444,FALSE,FALSE,FALSE,FALSE,FALSE,FALSE,FALSE,FALSE,FALSE,FALSE,FALSE,TRUE,TRUE,TRUE
China,35-39 years,2048,71.39478329632614,4.148045503983678,336.8153580892312,9.349275821563417,154.82112586860654,15.403124359213427,95.48301331040491,21.865230829276072,67.76846904450586,29.362108629063247,50.648663515764284,33.70291589665185,44.16350759819756,FALSE,FALSE,FALSE,FALSE,FALSE,FALSE,FALSE,FALSE,FALSE,FALSE,FALSE,TRUE,TRUE,TRUE
China,40-44 years,2048,132.5595633053799,8.35265771287881,611.0604364330005,18.554896447996374,285.42016252101627,30.223939536052928,178.20133359646502,42.52037728895667,127.6748648182367,56.64275877445175,96.21140442575489,64.7666391300925,84.22043876206448,FALSE,FALSE,FALSE,FALSE,FALSE,FALSE,FALSE,FALSE,FALSE,FALSE,FALSE,TRUE,TRUE,TRUE
China,45-49 years,2048,220.8793558503807,14.410987494015805,1007.7687937056857,31.82076461562592,473.9473505811425,51.58141203026072,297.49892009170173,72.28443254849564,214.0347161826243,95.95402678550964,161.87821038578903,109.5300223377971,141.94787570275162,FALSE,FALSE,FALSE,FALSE,FALSE,FALSE,FALSE,FALSE,FALSE,FALSE,FALSE,TRUE,TRUE,TRUE
China,25-29 years,2049,20.433582055895638,0.6466126729882946,110.97328126541107,1.6473523474338139,44.99144790842143,2.9503509419145626,25.482413398921548,4.454554617047993,16.990459879479257,6.309609239709312,12.033987983087801,7.4275919032480235,10.230576559195743,FALSE,FALSE,FALSE,FALSE,FALSE,FALSE,FALSE,FALSE,FALSE,FALSE,FALSE,TRUE,TRUE,TRUE
China,30-34 years,2049,42.19743552817899,1.690335656041095,217.9116741594226,4.117271803283757,92.61099252484507,7.143078955383921,54.207890090782946,10.530643391541547,37.035166821557894,14.609188000561913,26.7889160998274,17.028859139847313,23.001567185570963,FALSE,FALSE,FALSE,FALSE,FALSE,FALSE,FALSE,FALSE,FALSE,FALSE,FALSE,TRUE,TRUE,TRUE
China,35-39 years,2049,78.50900060127357,3.6726350619093684,390.6395213117235,8.695122875208321,171.16626313573468,14.768555191938008,102.45466875183266,21.419837444584527,71.1895875086074,29.290717481610944,52.25553540174498,33.908041780248304,45.1802739393621,FALSE,FALSE,FALSE,FALSE,FALSE,FALSE,FALSE,FALSE,FALSE,FALSE,FALSE,TRUE,TRUE,TRUE
China,40-44 years,2049,145.14075593481508,7.424907740343027,705.8094114498115,17.304843207458877,314.6576633759207,29.0335146329824,190.84796774695923,41.703925928975394,133.95933355844937,56.5378424625279,99.20607653583349,65.17965437863799,86.13457439746814,FALSE,FALSE,FALSE,FALSE,FALSE,FALSE,FALSE,FALSE,FALSE,FALSE,FALSE,TRUE,TRUE,TRUE
China,45-49 years,2049,241.14738568071678,12.85339871992034,1159.921994485637,29.748435327921694,521.1930520438697,49.63153905275304,318.07340698002423,70.97087313188493,224.33059150598316,95.82537236189535,166.83040884978013,110.25657328814114,145.13665358527223,FALSE,FALSE,FALSE,FALSE,FALSE,FALSE,FALSE,FALSE,FALSE,FALSE,FALSE,TRUE,TRUE,TRUE
China,25-29 years,2050,22.94421973374395,0.5669720214591455,129.9681997305813,1.5221987981742018,50.065510590086,2.8167077415469164,27.460756477624187,4.352148411561681,17.896205155795336,6.286134111965436,12.431954626130988,7.468020172359129,10.472902126424689,FALSE,FALSE,FALSE,FALSE,FALSE,FALSE,FALSE,FALSE,FALSE,FALSE,FALSE,TRUE,TRUE,TRUE
China,30-34 years,2050,47.02090686795364,1.486746945358875,254.42015375645988,3.8124203637094034,102.84056671039065,6.8289723631505614,58.33538793897623,10.29747854889691,38.975601232819585,14.560938252196324,27.663178078214308,17.125102862019315,23.54145732768952,FALSE,FALSE,FALSE,FALSE,FALSE,FALSE,FALSE,FALSE,FALSE,FALSE,FALSE,TRUE,TRUE,TRUE
China,35-39 years,2050,86.95216182739487,3.2425348485733774,454.35024194273353,8.072022731956292,189.58284558023914,14.14330674070769,110.06645917489882,20.96803466432843,74.83883098769279,29.209114868919645,53.9326886028309,34.10842296238063,46.22868252301231,FALSE,FALSE,FALSE,FALSE,FALSE,FALSE,FALSE,FALSE,FALSE,FALSE,FALSE,TRUE,TRUE,TRUE
China,40-44 years,2050,160.01140642301164,6.581228279986362,817.6156272422363,16.10892666671063,347.5415994910363,27.85594711476379,204.64308712144808,40.872109536373195,140.66047536665877,56.41247605958898,102.33171858544564,65.5834444466719,88.10840007789078,FALSE,FALSE,FALSE,FALSE,FALSE,FALSE,FALSE,FALSE,FALSE,FALSE,FALSE,TRUE,TRUE,TRUE
China,45-49 years,2050,265.01471486756833,11.43181972048096,1338.8645863658255,27.760166821148076,574.2098767954736,47.69810802460206,340.4827662130147,69.62919541413083,235.2989601071681,95.66250245829698,171.996817308428,110.96828262219348,148.42407704819638,FALSE,FALSE,FALSE,FALSE,FALSE,FALSE,FALSE,FALSE,FALSE,FALSE,FALSE,TRUE,TRUE,TRUE
Global,25-29 years,2035,23.159747927667457,13.166925906188167,37.98409070991464,15.871816710186655,31.454244642283445,17.86331165356626,27.924089783867373,19.435556373466447,25.654805186154253,20.881041614423413,23.874121976338046,21.597499367027602,23.08105317371824,FALSE,FALSE,FALSE,FALSE,FALSE,FALSE,FALSE,FALSE,FALSE,FALSE,FALSE,FALSE,FALSE,TRUE
Global,25-29 years,2036,24.96174827910656,13.201111177961527,43.21887308344615,16.273239569367014,34.99218881565326,18.57576733501369,30.627095806788898,20.41533438853491,27.85527523460686,22.122251946256,25.70052117122814,22.973559003934803,24.74690832571532,FALSE,FALSE,FALSE,FALSE,FALSE,FALSE,FALSE,FALSE,FALSE,FALSE,FALSE,FALSE,FALSE,TRUE
Global,25-29 years,2037,26.942643046355133,13.204572906711611,49.29007000070986,16.65977860824372,38.98675451627454,19.297728919013416,33.62481230478233,21.431477952975808,30.262999814044537,23.430399057172778,27.67484257067589,24.433780489306496,26.536924000875338,FALSE,FALSE,FALSE,FALSE,FALSE,FALSE,FALSE,FALSE,FALSE,FALSE,FALSE,FALSE,FALSE,TRUE
Global,25-29 years,2038,29.125630583542932,13.178340155743452,56.34102627361463,17.03078172292483,43.50053657689887,20.028794640613,36.951018382272196,22.484996523525364,32.898270322644,24.808898326290766,29.809355347279084,25.983203073065795,28.4604797621868,FALSE,FALSE,FALSE,FALSE,FALSE,FALSE,FALSE,FALSE,FALSE,FALSE,FALSE,FALSE,FALSE,TRUE
Global,25-29 years,2039,31.537451999650624,13.123536774925096,64.54131485615127,17.385622374097935,48.60526475607661,20.768527765348026,40.643594071246156,23.576900401435054,35.78346503050026,26.26132083408769,32.117381339810535,27.627156712736216,30.52767844533689,FALSE,FALSE,FALSE,FALSE,FALSE,FALSE,FALSE,FALSE,FALSE,FALSE,FALSE,FALSE,FALSE,TRUE
Global,25-29 years,2040,34.20900832028341,13.041374961967463,74.0917555431111,17.723705360955446,54.38318572639317,21.51645959119389,44.745031298504536,24.708201674505194,38.94326701493021,27.791401070821923,34.61338576253348,29.371279101542815,32.749401946434574,FALSE,FALSE,FALSE,FALSE,FALSE,FALSE,FALSE,FALSE,FALSE,FALSE,FALSE,FALSE,FALSE,TRUE
Global,25-29 years,2041,37.1760990442656,12.93314723171545,85.23043947313498,18.044471538513605,60.92866460283886,22.27209196937928,49.303012024507005,25.879914806787113,42.40490623796721,29.403044776845224,37.31307620361979,31.22153355733232,35.13737151952663,FALSE,FALSE,FALSE,FALSE,FALSE,FALSE,FALSE,FALSE,FALSE,FALSE,FALSE,FALSE,FALSE,TRUE
Global,25-29 years,2042,40.4803085506798,12.800217272031388,98.23996743060411,18.347401697442322,68.35004147912662,23.034899489886033,54.37106231323027,27.09305696830499,46.19842832153806,31.10033697106966,40.23351060343881,33.18422784692761,37.704212915547856,FALSE,FALSE,FALSE,FALSE,FALSE,FALSE,FALSE,FALSE,FALSE,FALSE,FALSE,FALSE,TRUE,TRUE
Global,25-29 years,2043,44.17007313240618,12.644010051683283,113.45615468865778,18.63201975750917,76.77178450959967,23.80433143192869,60.009292360730385,28.348648169147946,50.356992905589266,32.887550211000566,43.39321498517191,35.26603401705233,40.46352673010774,FALSE,FALSE,FALSE,FALSE,FALSE,FALSE,FALSE,FALSE,FALSE,FALSE,FALSE,FALSE,TRUE,TRUE
Global,25-29 years,2044,48.301969394725,12.466001468277359,131.27850969822686,18.897895381545815,86.33698815674413,24.579813549719276,66.28523393478858,29.64771124390766,54.91720482952517,34.76915311954156,46.812311793537646,37.47400930191972,43.42996436328814,FALSE,FALSE,FALSE,FALSE,FALSE,FALSE,FALSE,FALSE,FALSE,FALSE,FALSE,FALSE,TRUE,TRUE
Global,25-29 years,2045,52.942274822407846,12.267707768931528,152.18286055292776,19.144646087437575,97.21027351187006,25.36074974346669,73.27478828984619,30.991271720016993,59.91948176562637,36.74981920844451,50.512659784809266,39.815618178118946,46.61931003150244,FALSE,FALSE,FALSE,FALSE,FALSE,FALSE,FALSE,FALSE,FALSE,FALSE,FALSE,FALSE,TRUE,TRUE
Global,25-29 years,2046,58.168864084418594,12.050674935134905,176.7365846071914,19.371938915822813,109.5811573110053,26.146523651488867,81.06329945211199,32.38035759501611,65.40846236138987,38.83443602485033,54.51800650446002,42.298755639098,50.04856931019947,FALSE,FALSE,FALSE,FALSE,FALSE,FALSE,FALSE,FALSE,FALSE,FALSE,FALSE,FALSE,TRUE,TRUE
Global,25-29 years,2047,64.07352089296892,11.816468191078497,205.61699629588904,19.57949169759472,123.66796766909299,26.93650018930466,89.7467698540973,33.81599904173684,71.43345942258364,41.028114645147724,58.8541544890737,44.931771763985864,53.736064727324845,FALSE,FALSE,FALSE,FALSE,FALSE,FALSE,FALSE,FALSE,FALSE,FALSE,FALSE,FALSE,TRUE,TRUE
Global,25-29 years,2048,70.7647659861168,11.566661768794386,239.63357029116773,19.767073956021267,139.72239794767464,27.73002705444268,99.4332376744618,35.299228056162,78.04896319691389,43.33619953909399,63.5491424378545,47.72349765864356,57.701538971500916,FALSE,FALSE,FALSE,FALSE,FALSE,FALSE,FALSE,FALSE,FALSE,FALSE,FALSE,FALSE,TRUE,TRUE
Global,25-29 years,2049,78.37132840485849,11.302829041655679,279.7548268172565,19.93450747185722,158.0348059142155,28.52643621044987,110.24433795186732,36.83107805962958,85.31520040671644,45.76427882643232,68.63344271728666,50.683272850480414,61.96626632622168,FALSE,FALSE,FALSE,FALSE,FALSE,FALSE,FALSE,FALSE,FALSE,FALSE,FALSE,FALSE,TRUE,TRUE
Global,25-29 years,2050,87.04642146041961,11.026533118985656,327.1408896305218,20.081666535351143,178.94038386995803,29.32504535965657,122.31707264042858,38.41258346476916,93.29875533578843,48.31819494796338,74.14017669140677,53.820974222677386,66.55317299238811,FALSE,FALSE,FALSE,FALSE,FALSE,FALSE,FALSE,FALSE,FALSE,FALSE,FALSE,FALSE,TRUE,TRUE
Global,30-34 years,2038,64.43857473551365,37.76498025022559,102.9060826626017,45.11125491838231,86.24666287346717,50.48322844544889,77.10554443247412,54.7007953394644,71.17581291604651,58.55957220367062,66.49251621775252,60.465575534453805,64.39813222954524,FALSE,FALSE,FALSE,FALSE,FALSE,FALSE,FALSE,FALSE,FALSE,FALSE,FALSE,FALSE,FALSE,TRUE
Global,30-34 years,2039,69.38985723742537,37.97316617123886,116.7477375259789,46.33331424741975,95.7776372263716,52.55491678571683,84.47354886660331,57.49717039288815,77.22667137785848,62.06016780898762,71.55479980181458,64.32778016975304,69.03389353165375,FALSE,FALSE,FALSE,FALSE,FALSE,FALSE,FALSE,FALSE,FALSE,FALSE,FALSE,FALSE,FALSE,TRUE
Global,30-34 years,2040,74.82254531551273,38.08701807702274,132.78415025371285,47.51218677922206,106.5334128918095,54.65453943454571,92.64292621981804,60.39743242794279,83.84670867785226,65.74963388471815,77.02689581899608,68.42627688734395,74.0151206547021,FALSE,FALSE,FALSE,FALSE,FALSE,FALSE,FALSE,FALSE,FALSE,FALSE,FALSE,FALSE,FALSE,TRUE
Global,30-34 years,2041,80.79805777202333,38.10964168061369,151.38708089657607,48.6461436135516,118.68028478285916,56.78115747121855,101.70479388320227,63.40463996997562,91.09129685292723,69.63771219842259,82.9426604340928,72.77527397366724,79.36785425874116,FALSE,FALSE,FALSE,FALSE,FALSE,FALSE,FALSE,FALSE,FALSE,FALSE,FALSE,FALSE,FALSE,TRUE
Global,30-34 years,2042,87.38705204468732,38.044356157304,172.99601931496196,49.73346533406362,132.40880520901004,58.93368908552055,111.76135616558246,66.52183063752376,99.02152506194395,73.73457409699631,89.33886614681587,77.38979123743226,85.12014817608136,FALSE,FALSE,FALSE,FALSE,FALSE,FALSE,FALSE,FALSE,FALSE,FALSE,FALSE,FALSE,FALSE,TRUE
Global,30-34 years,2043,94.6710074761651,37.894697965464395,198.13101646565661,50.77247384556144,147.9374115442501,61.110927840710005,122.92726611911131,69.75203007648467,107.70478672403169,78.05084564468608,96.25544912317358,82.28570973550966,91.3022230255755,FALSE,FALSE,FALSE,FALSE,FALSE,FALSE,FALSE,FALSE,FALSE,FALSE,FALSE,FALSE,FALSE,TRUE
Global,30-34 years,2044,102.74411516963009,37.66441427934134,227.40808442041995,51.76155718053048,165.51663475803065,63.31155678484204,135.33116993523973,73.0982580532198,117.2154338425168,82.59763214935252,103.73578002027368,87.4798233414008,97.94663257198268,FALSE,FALSE,FALSE,FALSE,FALSE,FALSE,FALSE,FALSE,FALSE,FALSE,FALSE,FALSE,FALSE,TRUE
Global,30-34 years,2045,111.71554020598172,37.35744885955526,261.55769020814984,52.699189097047785,185.43398026406146,65.53415969357464,149.1174564357883,76.56353255090937,127.63550493308557,87.38654255450949,111.82695999270489,92.98989255579991,105.08844367540401,FALSE,FALSE,FALSE,FALSE,FALSE,FALSE,FALSE,FALSE,FALSE,FALSE,FALSE,FALSE,FALSE,TRUE
Global,30-34 years,2046,121.71213746718664,36.97792249667218,301.4469819743055,53.58394471671213,208.0195887883768,67.777230308637,164.44823783630235,80.15087243401902,139.05553402813408,92.42971402477978,120.58014385566463,98.8347008781459,112.7654307916432,FALSE,FALSE,FALSE,FALSE,FALSE,FALSE,FALSE,FALSE,FALSE,FALSE,FALSE,FALSE,TRUE,TRUE
Global,30-34 years,2047,132.8817217361654,36.530109654110426,348.1065238225464,54.41451306910704,233.6528036925347,70.03918016286869,181.50559193090706,83.8632990663258,151.57544929524425,97.73983695848227,130.050892651194,105.0341140120093,121.01828609643415,FALSE,FALSE,FALSE,FALSE,FALSE,FALSE,FALSE,FALSE,FALSE,FALSE,FALSE,FALSE,TRUE,TRUE
Global,30-34 years,2048,145.39701721824147,36.01841256563422,402.76248370190797,55.18970715309005,262.76979295557965,72.31834540172893,200.49410025343138,87.70383715055286,165.30557092630403,103.3301806009833,140.29955813179512,111.60914215160312,129.89084641768704,FALSE,FALSE,FALSE,FALSE,FALSE,FALSE,FALSE,FALSE,FALSE,FALSE,FALSE,FALSE,TRUE,TRUE
Global,30-34 years,2049,159.46044256817802,35.44733377108799,466.8754237587387,55.90847195201615,295.87239942663393,74.61299288949665,221.64372171507335,91.67551497965925,180.36771915636956,109.2146193936589,151.39170194994142,118.58200558409413,139.4303382733987,FALSE,FALSE,FALSE,FALSE,FALSE,FALSE,FALSE,FALSE,FALSE,FALSE,FALSE,FALSE,TRUE,TRUE
Global,30-34 years,2050,175.30992675087396,34.82144787215944,542.1870931966198,56.569890721654865,333.5384227008444,76.92132580508104,245.213046810151,95.78136423695048,196.89644458374872,115.4076601678861,163.39855262936305,125.97620383794973,149.6876424308415,FALSE,FALSE,FALSE,FALSE,FALSE,FALSE,FALSE,FALSE,FALSE,FALSE,FALSE,FALSE,TRUE,TRUE
Global,35-39 years,2041,128.41912007219432,73.01227138459711,209.213794073918,88.30946383309849,173.71457854351877,99.43649980479276,154.55991625324617,108.1524920016452,142.22471210059263,116.12146687242715,132.51857688723712,120.0584039456922,128.1856090926243,FALSE,FALSE,FALSE,FALSE,FALSE,FALSE,FALSE,FALSE,FALSE,FALSE,FALSE,FALSE,FALSE,TRUE
Global,35-39 years,2042,138.237151568595,73.76721572272037,236.2005899775406,90.96828664491002,192.33975163678318,103.7111089174525,169.00983868775504,113.81237020297209,154.13692973315514,123.1310571590918,142.52839058014533,127.76199582312842,137.37532162610466,FALSE,FALSE,FALSE,FALSE,FALSE,FALSE,FALSE,FALSE,FALSE,FALSE,FALSE,FALSE,FALSE,TRUE
Global,35-39 years,2043,148.99433303416788,74.32261450974036,267.4206505559675,93.53909170802213,213.3473246357625,108.0429080987031,185.02848549780694,119.681421299834,167.1690402682425,130.5180775755858,153.3484190603336,135.93637011962835,147.24970873023526,FALSE,FALSE,FALSE,FALSE,FALSE,FALSE,FALSE,FALSE,FALSE,FALSE,FALSE,FALSE,FALSE,TRUE
Global,35-39 years,2044,160.8088459342695,74.68306935099157,303.58177597522547,96.01815025148544,237.05722263601982,112.4302903961117,202.7925889693983,125.76616926910067,181.42923430534623,138.3022777703146,165.04535526591187,144.61003297638686,157.86031943782817,FALSE,FALSE,FALSE,FALSE,FALSE,FALSE,FALSE,FALSE,FALSE,FALSE,FALSE,FALSE,FALSE,TRUE
Global,35-39 years,2045,173.81643617738914,74.85415900802792,345.51905214786706,98.40188567212972,263.835662602594,116.87139934161185,222.50027263902177,132.07311102053941,197.03682815107416,146.50426913679937,177.69161257235197,153.8131043669422,169.26266770423567,FALSE,FALSE,FALSE,FALSE,FALSE,FALSE,FALSE,FALSE,FALSE,FALSE,FALSE,FALSE,FALSE,TRUE
Global,35-39 years,2046,188.1733834440458,74.84225724671384,394.2190173346038,100.68685776295298,294.10213099106596,121.36412555951664,244.37371410903202,138.60871418931507,214.1234290180161,155.14556806402,191.365822632981,163.5774153468089,181.51654297943938,FALSE,FALSE,FALSE,FALSE,FALSE,FALSE,FALSE,FALSE,FALSE,FALSE,FALSE,FALSE,FALSE,TRUE
Global,35-39 years,2047,204.0600379344293,74.6544017918793,450.848526599269,102.86976957896114,328.33742534128555,125.90611546362739,268.66213798106236,145.379420693345,232.83421872495853,164.24864303862154,206.15337355236016,173.93661126344804,194.68634289392722,FALSE,FALSE,FALSE,FALSE,FALSE,FALSE,FALSE,FALSE,FALSE,FALSE,FALSE,FALSE,FALSE,TRUE
Global,35-39 years,2048,221.68504469550408,74.29819322217132,516.7893101344209,104.9474847767898,367.0929480604956,130.49478507869532,295.6451913939226,152.39165204996348,253.32937383720767,173.8369638224595,222.146994241564,184.92626032913998,208.84143092821444,FALSE,FALSE,FALSE,FALSE,FALSE,FALSE,FALSE,FALSE,FALSE,FALSE,FALSE,FALSE,FALSE,TRUE
Global,35-39 years,2049,241.2904035584972,73.7817109786236,593.6794189827374,106.9170488624802,411.00146420536885,135.12733555205827,325.63675733064974,159.65181461324423,275.7856396805005,183.9350520017775,239.44739022758984,196.58396754301413,224.0565216662083,FALSE,FALSE,FALSE,FALSE,FALSE,FALSE,FALSE,FALSE,FALSE,FALSE,FALSE,FALSE,TRUE,TRUE
Global,35-39 years,2050,263.1575476258745,73.11343897623868,683.4629976923301,108.77571088329519,460.7895663231991,139.80076874244,358.9892660985442,167.16630396272203,300.3980763496509,194.56853270982165,258.1639360923586,208.94949421648275,240.4120961618525,FALSE,FALSE,FALSE,FALSE,FALSE,FALSE,FALSE,FALSE,FALSE,FALSE,FALSE,FALSE,TRUE,TRUE
Global,40-44 years,2042,210.03472994439133,122.11932703820595,335.7053003458251,147.2538662591354,280.1619807743504,165.08544177760928,250.6026384127687,178.8421851834514,231.62844243773586,191.297329069932,216.68413058781363,197.4176441912769,209.99812237225424,FALSE,FALSE,FALSE,FALSE,FALSE,FALSE,FALSE,FALSE,FALSE,FALSE,FALSE,FALSE,FALSE,TRUE
Global,40-44 years,2043,225.66986058372015,124.65929371600667,374.9670344622997,152.74520592402803,308.0100790606975,172.9815206138054,272.7606185423404,188.75125976336022,250.3066334125839,203.1358067915084,232.732077804772,210.2384650326805,224.90415129411488,FALSE,FALSE,FALSE,FALSE,FALSE,FALSE,FALSE,FALSE,FALSE,FALSE,FALSE,FALSE,FALSE,TRUE
Global,40-44 years,2044,242.70586355882358,126.89449684253188,420.0370778056072,158.13859976175226,339.2857824145662,181.02352647548025,297.2602752737039,199.04885824416388,270.70814896945575,215.62189059046977,250.06479394990504,223.84740794272653,240.91354298299066,FALSE,FALSE,FALSE,FALSE,FALSE,FALSE,FALSE,FALSE,FALSE,FALSE,FALSE,FALSE,FALSE,TRUE
Global,40-44 years,2045,261.31012313427277,128.80828677163552,471.8817032395141,163.41364826798764,374.4543731753371,189.2014326654031,324.3703920053148,209.74252380030623,293.0030673629561,228.7872645248402,268.78990358395856,238.2910914688707,258.11029792729636,FALSE,FALSE,FALSE,FALSE,FALSE,FALSE,FALSE,FALSE,FALSE,FALSE,FALSE,FALSE,FALSE,TRUE
Global,40-44 years,2046,281.6738789718393,130.39016728062734,531.6286153470437,168.55341376108123,414.04188625001234,197.50709557214262,354.3884967255504,220.84135509614885,317.37683090034045,242.66594192738054,289.02336340509237,253.61931437190347,276.58449906144483,FALSE,FALSE,FALSE,FALSE,FALSE,FALSE,FALSE,FALSE,FALSE,FALSE,FALSE,FALSE,FALSE,TRUE
Global,40-44 years,2047,304.01607203211734,131.6348398818098,600.598393367337,173.5436049488607,458.64551918651256,205.93359105679556,387.6453660378768,232.35553928055637,344.03242402668707,257.29408628446095,310.8904324759329,269.88507266720643,296.43288497094085,FALSE,FALSE,FALSE,FALSE,FALSE,FALSE,FALSE,FALSE,FALSE,FALSE,FALSE,FALSE,FALSE,TRUE
Global,40-44 years,2048,328.5878935632007,132.54136816776455,680.3416849725259,178.37195211962452,508.94529640620095,214.47472339971688,424.50984388630144,244.29601000070951,373.1926239575706,272.7099048427856,334.5266587677611,287.14462591180904,317.75944082332734,FALSE,FALSE,FALSE,FALSE,FALSE,FALSE,FALSE,FALSE,FALSE,FALSE,FALSE,FALSE,FALSE,TRUE
Global,40-44 years,2049,355.6781796515659,133.1124576986106,772.6833515308841,183.02774688222456,565.7172457397295,223.12467710780123,465.39406642828624,256.6742068981918,405.1023646476421,288.9536014947752,360.07889781886763,305.45760534303247,340.67601397099855,FALSE,FALSE,FALSE,FALSE,FALSE,FALSE,FALSE,FALSE,FALSE,FALSE,FALSE,FALSE,FALSE,TRUE
Global,40-44 years,2050,385.6198256048921,133.35384441056803,879.7750105455323,187.50151419046855,629.8483934073902,231.87777821017727,510.7591987552709,269.50191090779134,440.0312597858117,306.06737429181345,387.7063806247235,324.88715567954574,365.30296154676097,FALSE,FALSE,FALSE,FALSE,FALSE,FALSE,FALSE,FALSE,FALSE,FALSE,FALSE,FALSE,FALSE,TRUE
Global,45-49 years,2043,276.2839363246983,155.530813488561,452.4977326292084,189.70810598675206,373.4760614366306,214.04431892372824,332.01305735643535,232.86622117549496,305.60707589082307,249.94849613599746,284.91457845901,258.3589555068817,275.68425161647593,FALSE,FALSE,FALSE,FALSE,FALSE,FALSE,FALSE,FALSE,FALSE,FALSE,FALSE,FALSE,FALSE,TRUE
Global,45-49 years,2044,296.674377218743,159.63664319778238,502.47734332957435,197.57744317703822,408.881195356713,224.91000646985998,360.3406871082003,246.20967275397848,329.6585609346276,265.6521167250653,305.7518711072401,275.2613752590079,295.12881510610595,FALSE,FALSE,FALSE,FALSE,FALSE,FALSE,FALSE,FALSE,FALSE,FALSE,FALSE,FALSE,FALSE,TRUE
Global,45-49 years,2045,318.7897826948233,163.56494813402185,558.9830880693928,205.52946520628265,448.18782180148565,236.1400622407789,391.40265745343044,260.18829550335516,355.78417090171655,282.2747262434138,328.1947008922538,293.2352639062339,315.98446531780155,FALSE,FALSE,FALSE,FALSE,FALSE,FALSE,FALSE,FALSE,FALSE,FALSE,FALSE,FALSE,FALSE,TRUE
Global,45-49 years,2046,342.82574553032674,167.25498367131186,623.1284834154521,213.50831443026806,491.9641798157322,247.70214372631693,425.5415098736907,274.8006465664939,384.20645923849526,299.8527137850478,352.38547374318784,312.3390313064703,338.36196617725903,FALSE,FALSE,FALSE,FALSE,FALSE,FALSE,FALSE,FALSE,FALSE,FALSE,FALSE,FALSE,FALSE,TRUE
Global,45-49 years,2047,369.0048489275086,170.65603093657708,696.1990811608425,221.46431597585692,540.8456729562258,259.5677672955008,463.13236014756046,290.04838925663216,415.1658391190779,318.42616753462573,378.47669981882353,332.63563568268444,362.3797251118762,FALSE,FALSE,FALSE,FALSE,FALSE,FALSE,FALSE,FALSE,FALSE,FALSE,FALSE,FALSE,FALSE,TRUE
Global,45-49 years,2048,397.58079269884104,173.72635706269512,779.6858813641996,229.35342698366705,595.545807140565,271.71196053300173,504.5875093601536,305.9360977004954,448.92278756815,338.03889319924673,406.6320151189794,354.1927582128885,388.1644476200459,FALSE,FALSE,FALSE,FALSE,FALSE,FALSE,FALSE,FALSE,FALSE,FALSE,FALSE,FALSE,FALSE,TRUE
Global,45-49 years,2049,428.84326541604406,176.43241796967538,875.3245568167721,237.1367315121287,656.8687637362377,284.11287641010045,550.3617111679782,322.4710074505536,485.76035088226,358.7384003777516,437.0273269581847,377.0829689807185,415.8518589811798,FALSE,FALSE,FALSE,FALSE,FALSE,FALSE,FALSE,FALSE,FALSE,FALSE,FALSE,FALSE,FALSE,TRUE
Global,45-49 years,2050,463.12369702520266,178.74818516515998,985.1417426423161,244.77993165566073,725.7238964751608,296.7513531164769,600.9581772177388,339.6627065132409,525.9869739207725,380.5758536585423,469.85208620985554,401.3838812681685,445.58749229423324,FALSE,FALSE,FALSE,FALSE,FALSE,FALSE,FALSE,FALSE,FALSE,FALSE,FALSE,FALSE,FALSE,TRUE
