location_name,year,ASIR_25_49,ASDR_25_49,MIR,Incidence,Deaths
China,1990,28.060257093143015,9.247319161045855,0.32955218943113634,28.060257093143015,9.247319161045855
China,1991,28.666685780653715,9.29257467663352,0.3241593656042653,28.666685780653715,9.29257467663352
China,1992,29.24273352248664,9.310104746098201,0.3183732717373722,29.24273352248664,9.310104746098201
China,1993,29.68171328341747,9.26667980119499,0.3122016479544691,29.68171328341747,9.26667980119499
China,1994,30.121213159729486,9.217908602923503,0.30602713622595296,30.121213159729486,9.217908602923503
China,1995,30.69140328641257,9.209519566796383,0.3000683768302488,30.69140328641257,9.209519566796383
China,1996,31.418856523766426,9.237372611027917,0.2940072820295167,31.418856523766426,9.237372611027917
China,1997,31.8237160446684,9.18635642437,0.2886638509304145,31.8237160446684,9.18635642437
China,1998,32.06859269583129,9.100443373344383,0.2837805656039088,32.06859269583129,9.100443373344383
China,1999,32.203050443219816,8.96120664178178,0.27827198102186357,32.203050443219816,8.96120664178178
China,2000,32.36512739349698,8.843810930926022,0.27325123190162326,32.36512739349698,8.843810930926022
China,2001,32.255406198841385,8.667518184758785,0.26871520796628884,32.255406198841385,8.667518184758785
China,2002,31.555958621025148,8.313835271529149,0.26346324544835076,31.555958621025148,8.313835271529149
China,2003,31.182916148401016,7.979687086839768,0.2558993215664644,31.182916148401016,7.979687086839768
China,2004,30.836998242745185,7.610137936378562,0.24678595096943162,30.836998242745185,7.610137936378562
China,2005,31.04552279162695,7.3310806780391875,0.2361397077203157,31.04552279162695,7.3310806780391875
China,2006,31.2272069553579,7.021110118749262,0.22483951666847984,31.2272069553579,7.021110118749262
China,2007,31.175608746161565,6.731670448342491,0.2159274740439933,31.175608746161565,6.731670448342491
China,2008,30.277859642679328,6.359599904175726,0.21004126378904622,30.277859642679328,6.359599904175726
China,2009,29.36531157189298,6.047494521698848,0.20594007684519886,29.36531157189298,6.047494521698848
China,2010,28.961235532646732,5.792998882139601,0.2000259579951072,28.961235532646732,5.792998882139601
China,2011,28.320205583890914,5.485924167062471,0.19371060534189666,28.320205583890914,5.485924167062471
China,2012,27.6193493728404,5.193257434915287,0.18802968038132345,27.6193493728404,5.193257434915287
China,2013,27.2342885177044,4.95130797449196,0.18180419772204534,27.2342885177044,4.95130797449196
China,2014,27.21780222186442,4.808823498813513,0.17667934609909544,27.21780222186442,4.808823498813513
China,2015,27.051182164739586,4.682788113544191,0.17310844624188243,27.051182164739586,4.682788113544191
China,2016,27.180666366552156,4.6059323084965,0.169456195311107,27.180666366552156,4.6059323084965
China,2017,27.95109746090391,4.60221059413422,0.1646522323701772,27.95109746090391,4.60221059413422
China,2018,28.343889777288062,4.539866255939962,0.1601708972061327,28.343889777288062,4.539866255939962
China,2019,28.62336687489924,4.455563934140901,0.15566176940729254,28.62336687489924,4.455563934140901
China,2020,28.890707478863156,4.386503796207,0.15183095808284472,28.890707478863156,4.386503796207
China,2021,30.194738729035492,4.4919844550767385,0.14876712447778898,30.194738729035492,4.4919844550767385
China,2022,32.50041312929852,4.760080674075864,0.1464621589620576,32.50041312929852,4.760080674075864
China,2023,32.87222078381767,4.720187005409903,0.14359197197086107,32.87222078381767,4.720187005409903
Global,1990,36.389241723986345,11.06730432966295,0.30413671198781317,36.389241723986345,11.06730432966295
Global,1991,36.85582806947811,11.111382504426453,0.3014823729772135,36.85582806947811,11.111382504426453
Global,1992,37.20172653226507,11.092919776572009,0.2981829288743122,37.20172653226507,11.092919776572009
Global,1993,37.6745845604259,11.121769412611735,0.29520615933464744,37.6745845604259,11.121769412611735
Global,1994,38.12939488032264,11.12300454612145,0.2917173110413477,38.12939488032264,11.12300454612145
Global,1995,38.66077469732486,11.09947537545911,0.28709914538332154,38.66077469732486,11.09947537545911
Global,1996,38.919246155038394,11.031658471392674,0.28344995243348364,38.919246155038394,11.031658471392674
Global,1997,38.773424901243324,10.8967370788273,0.2810362279468864,38.773424901243324,10.8967370788273
Global,1998,38.72527580890053,10.816666586595598,0.279317999953651,38.72527580890053,10.816666586595598
Global,1999,38.754687288962714,10.75129389058456,0.27741918830155327,38.754687288962714,10.75129389058456
Global,2000,38.81386039761186,10.67790092394525,0.27510535706987393,38.81386039761186,10.67790092394525
Global,2001,38.778444443739474,10.573113324633361,0.2726543954070422,38.778444443739474,10.573113324633361
Global,2002,38.41269744940754,10.386821911440343,0.27040074249199975,38.41269744940754,10.386821911440343
Global,2003,38.16704216738938,10.19458730185708,0.26710446298528007,38.16704216738938,10.19458730185708
Global,2004,37.90457468927142,10.015190750940233,0.26422116150995756,37.90457468927142,10.015190750940233
Global,2005,37.81647345996701,9.827140990013248,0.2598640246139393,37.81647345996701,9.827140990013248
Global,2006,37.710423825861106,9.684740115643336,0.2568186494101857,37.710423825861106,9.684740115643336
Global,2007,37.651147265219265,9.60862648804451,0.25520142640967025,37.651147265219265,9.60862648804451
Global,2008,37.65081551710467,9.558977649897939,0.25388500935803954,37.65081551710467,9.558977649897939
Global,2009,37.41826943005493,9.482130685417353,0.2534091188568213,37.41826943005493,9.482130685417353
Global,2010,37.2756879260896,9.452761802082657,0.25359053924975533,37.2756879260896,9.452761802082657
Global,2011,37.1270956498571,9.422331033413887,0.2537858366912186,37.1270956498571,9.422331033413887
Global,2012,37.07953634652032,9.432353666091267,0.25438165078286995,37.07953634652032,9.432353666091267
Global,2013,37.342144824204475,9.55778313910121,0.2559516381315632,37.342144824204475,9.55778313910121
Global,2014,37.79249132264983,9.760711887911658,0.2582711947878879,37.79249132264983,9.760711887911658
Global,2015,38.33316722932568,9.973593244778659,0.26018182074839485,38.33316722932568,9.973593244778659
Global,2016,39.02199811099509,10.161777936804425,0.2604115224417782,39.02199811099509,10.161777936804425
Global,2017,39.69967172498027,10.357525934512497,0.2608970171407039,39.69967172498027,10.357525934512497
Global,2018,40.31856703330839,10.557286404151741,0.2618467664148393,40.31856703330839,10.557286404151741
Global,2019,41.229069349672436,10.801520383202527,0.2619879748337891,41.229069349672436,10.801520383202527
Global,2020,42.15888678926017,11.043873979059036,0.2619583869532443,42.15888678926017,11.043873979059036
Global,2021,44.19120771072237,11.693704259025592,0.2646160823567689,44.19120771072237,11.693704259025592
Global,2022,46.49981059246927,12.365129551323605,0.2659178477025057,46.49981059246927,12.365129551323605
Global,2023,48.357185624315115,12.920714867618619,0.2671932764656548,48.357185624315115,12.920714867618619
High SDI,1990,53.65372658945252,12.40402415874921,0.2311866285386344,53.65372658945252,12.40402415874921
High SDI,1991,54.34804247661627,12.40763785203387,0.2282996274865349,54.34804247661627,12.40763785203387
High SDI,1992,54.86350410754123,12.402374679116077,0.22605874125002007,54.86350410754123,12.402374679116077
High SDI,1993,55.481346504676374,12.430097585789083,0.22404102223332636,55.481346504676374,12.430097585789083
High SDI,1994,56.09671602959323,12.411489678990648,0.22125162678761975,56.09671602959323,12.411489678990648
High SDI,1995,56.811277265512054,12.325477211428375,0.2169547632915252,56.811277265512054,12.325477211428375
High SDI,1996,56.898443147100124,12.087558883740439,0.21244094240839506,56.898443147100124,12.087558883740439
High SDI,1997,56.45871752961257,11.770110190171271,0.20847285778317323,56.45871752961257,11.770110190171271
High SDI,1998,56.01616357569214,11.49578038896883,0.20522255818956783,56.01616357569214,11.49578038896883
High SDI,1999,55.738254277687076,11.276470069010529,0.2023111454627075,55.738254277687076,11.276470069010529
High SDI,2000,55.68575618972949,11.072518601813274,0.1988393327027398,55.68575618972949,11.072518601813274
High SDI,2001,55.4773023792212,10.836598753098283,0.195333916545248,55.4773023792212,10.836598753098283
High SDI,2002,54.90020304705405,10.544563473440629,0.19206784106796582,54.90020304705405,10.544563473440629
High SDI,2003,54.72053181160016,10.307931955676022,0.1883741187159086,54.72053181160016,10.307931955676022
High SDI,2004,54.30814893796671,10.002452663276863,0.1841795910720899,54.30814893796671,10.002452663276863
High SDI,2005,54.37711979797303,9.713459333971615,0.1786313686723381,54.37711979797303,9.713459333971615
High SDI,2006,54.00793887577282,9.374756566895286,0.17358108385618592,54.00793887577282,9.374756566895286
High SDI,2007,53.48368019677962,9.075541055619132,0.16968804357194536,53.48368019677962,9.075541055619132
High SDI,2008,53.149886975214436,8.844341702896998,0.16640377254276023,53.149886975214436,8.844341702896998
High SDI,2009,52.229480168979435,8.54793656226037,0.16366114567108464,52.229480168979435,8.54793656226037
High SDI,2010,51.27287229436892,8.274739997359232,0.16138631652722937,51.27287229436892,8.274739997359232
High SDI,2011,50.46280157921001,8.035523008699505,0.1592365615310988,50.46280157921001,8.035523008699505
High SDI,2012,49.76331801564919,7.818568317431358,0.157115092586323,49.76331801564919,7.818568317431358
High SDI,2013,49.369488934408615,7.661038545459228,0.1551775947212567,49.369488934408615,7.661038545459228
High SDI,2014,49.05666966149649,7.55663366563993,0.1540388639869487,49.05666966149649,7.55663366563993
High SDI,2015,49.01545590490672,7.513463642853116,0.15328764170692893,49.01545590490672,7.513463642853116
High SDI,2016,49.433955309904775,7.519759371743283,0.1521172911332182,49.433955309904775,7.519759371743283
High SDI,2017,49.54821861919087,7.485135901410103,0.1510677095969497,49.54821861919087,7.485135901410103
High SDI,2018,49.37361068436239,7.404542029367422,0.1499696280408471,49.37361068436239,7.404542029367422
High SDI,2019,49.57665144670288,7.362213050849435,0.14850161993623434,49.57665144670288,7.362213050849435
High SDI,2020,49.7328808090571,7.312691981889519,0.1470393804446126,49.7328808090571,7.312691981889519
High SDI,2021,50.00099545339823,7.341965394683356,0.14683638451810807,50.00099545339823,7.341965394683356
High SDI,2022,51.77624311463544,7.55354267548221,0.14588819545594015,51.77624311463544,7.55354267548221
High SDI,2023,52.08012583150364,7.52931718092596,0.14457179318816896,52.08012583150364,7.52931718092596
High-middle SDI,1990,25.22643389652774,9.648998550235634,0.3824955437543535,25.22643389652774,9.648998550235634
High-middle SDI,1991,25.60191103328128,9.672587652486026,0.3778072519630319,25.60191103328128,9.672587652486026
High-middle SDI,1992,25.846354013407478,9.628662879632902,0.37253466677111025,25.846354013407478,9.628662879632902
High-middle SDI,1993,26.26365017014356,9.648183317150227,0.36735881169016843,26.26365017014356,9.648183317150227
High-middle SDI,1994,26.642201230761653,9.645226385681527,0.3620281335667168,26.642201230761653,9.645226385681527
High-middle SDI,1995,27.1086409216152,9.674943079063167,0.35689517254067893,27.1086409216152,9.674943079063167
High-middle SDI,1996,27.64688564745623,9.715108474072572,0.351399741654679,27.64688564745623,9.715108474072572
High-middle SDI,1997,27.750361109740446,9.598082293259054,0.3458723385725638,27.750361109740446,9.598082293259054
High-middle SDI,1998,28.162095060301713,9.598352626823445,0.3408252335726834,28.162095060301713,9.598352626823445
High-middle SDI,1999,28.842935993567345,9.677295354311521,0.3355169999499977,28.842935993567345,9.677295354311521
High-middle SDI,2000,29.30264141288267,9.690451716314108,0.33070232747187694,29.30264141288267,9.690451716314108
High-middle SDI,2001,29.536609885603603,9.634864502508854,0.32620075695298295,29.536609885603603,9.634864502508854
High-middle SDI,2002,29.146186272362282,9.399322769070265,0.3224889418202588,29.146186272362282,9.399322769070265
High-middle SDI,2003,28.670348483410976,9.095388655479828,0.31724025470923506,28.670348483410976,9.095388655479828
High-middle SDI,2004,28.240171783565714,8.807749645395816,0.31188725454288707,28.240171783565714,8.807749645395816
High-middle SDI,2005,27.935903480954156,8.557783710531393,0.3063363859474181,27.935903480954156,8.557783710531393
High-middle SDI,2006,28.054128962008814,8.433087954296486,0.3006005984258737,28.054128962008814,8.433087954296486
High-middle SDI,2007,28.232243976995733,8.337875859375938,0.29533167346420736,28.232243976995733,8.337875859375938
High-middle SDI,2008,28.180847277106874,8.190024452998445,0.2906237833257672,28.180847277106874,8.190024452998445
High-middle SDI,2009,28.274281626587015,8.099099407215807,0.2864475750146034,28.274281626587015,8.099099407215807
High-middle SDI,2010,28.500905127021202,8.031752966482951,0.28180694369836656,28.500905127021202,8.031752966482951
High-middle SDI,2011,28.452757708387658,7.891490014722656,0.2773541354269609,28.452757708387658,7.891490014722656
High-middle SDI,2012,28.484694574391437,7.8110415646863665,0.27421889830297563,28.484694574391437,7.8110415646863665
High-middle SDI,2013,28.636443419522372,7.78897190126461,0.2719950863714668,28.636443419522372,7.78897190126461
High-middle SDI,2014,29.008750980716545,7.836175769517082,0.2701314432574553,29.008750980716545,7.836175769517082
High-middle SDI,2015,29.426460764601728,7.914131737584519,0.2689460958588926,29.426460764601728,7.914131737584519
High-middle SDI,2016,29.97466998931196,7.978997921834165,0.2661913517206104,29.97466998931196,7.978997921834165
High-middle SDI,2017,30.67044527199398,8.033997525557032,0.261945904414146,30.67044527199398,8.033997525557032
High-middle SDI,2018,31.13074253366743,8.03189510352497,0.25800525300154975,31.13074253366743,8.03189510352497
High-middle SDI,2019,31.794413174018025,8.059367342626382,0.25348375824757763,31.794413174018025,8.059367342626382
High-middle SDI,2020,32.726172450585764,8.196762466027474,0.25046505143258085,32.726172450585764,8.196762466027474
High-middle SDI,2021,34.712893010353085,8.617014471763113,0.24823671335008285,34.712893010353085,8.617014471763113
High-middle SDI,2022,35.69810785918536,8.740602315207154,0.24484777595735058,35.69810785918536,8.740602315207154
High-middle SDI,2023,37.24588516311578,9.023114014305394,0.24225800983892018,37.24588516311578,9.023114014305394
Low SDI,1990,20.025352174402034,11.06812285187359,0.5527055282464258,20.025352174402034,11.06812285187359
Low SDI,1991,20.51297858531134,11.28775574916654,0.550273852342893,20.51297858531134,11.28775574916654
Low SDI,1992,20.25373662373528,11.101354446645983,0.5481138938894045,20.25373662373528,11.101354446645983
Low SDI,1993,20.151392868053538,11.00658131588518,0.5461945676883787,20.151392868053538,11.00658131588518
Low SDI,1994,20.045231375395826,10.921523863654738,0.544843991028219,20.045231375395826,10.921523863654738
Low SDI,1995,19.840655157286925,10.766028778355802,0.5426246609805996,19.840655157286925,10.766028778355802
Low SDI,1996,19.938464696976926,10.760972593031209,0.5397091880731815,19.938464696976926,10.760972593031209
Low SDI,1997,20.09966320550472,10.779932364177592,0.5363240296098732,20.09966320550472,10.779932364177592
Low SDI,1998,20.467452309751614,10.901300956712344,0.5326164092987027,20.467452309751614,10.901300956712344
Low SDI,1999,20.781587353893762,10.984598813277739,0.5285736178964019,20.781587353893762,10.984598813277739
Low SDI,2000,20.95996994798943,11.002486390074624,0.5249285384175864,20.95996994798943,11.002486390074624
Low SDI,2001,21.10062535861298,11.004005124330705,0.5215013743580365,21.10062535861298,11.004005124330705
Low SDI,2002,21.16887851599433,10.951155133947843,0.5173233492588473,21.16887851599433,10.951155133947843
Low SDI,2003,20.970053458968277,10.766668455512427,0.5134306632350447,20.970053458968277,10.766668455512427
Low SDI,2004,20.849505641305296,10.633653054052775,0.5100194334097914,20.849505641305296,10.633653054052775
Low SDI,2005,20.995070925642104,10.629406408670892,0.5062810431227828,20.995070925642104,10.629406408670892
Low SDI,2006,21.25675950488795,10.680843233962856,0.5024680846347637,21.25675950488795,10.680843233962856
Low SDI,2007,21.741810724787243,10.834251588941578,0.49831413427722215,21.741810724787243,10.834251588941578
Low SDI,2008,22.168897158510134,10.961698499565058,0.4944629595774507,22.168897158510134,10.961698499565058
Low SDI,2009,22.81864014586712,11.184585362721862,0.49015126629917066,22.81864014586712,11.184585362721862
Low SDI,2010,23.50201406598279,11.430170246776308,0.48634854079678763,23.50201406598279,11.430170246776308
Low SDI,2011,24.108682956622445,11.64358536148892,0.48296231620941904,24.108682956622445,11.64358536148892
Low SDI,2012,24.938022067436442,11.957553656671738,0.47949086035518695,24.938022067436442,11.957553656671738
Low SDI,2013,26.467019674392567,12.59194725254519,0.47575992338601614,26.467019674392567,12.59194725254519
Low SDI,2014,27.94820308317926,13.179012783410505,0.47155134604493937,27.94820308317926,13.179012783410505
Low SDI,2015,29.39676643057188,13.732999730113503,0.46716021513956507,29.39676643057188,13.732999730113503
Low SDI,2016,30.61481237571262,14.17361108973354,0.4629657995545244,30.61481237571262,14.17361108973354
Low SDI,2017,32.18504807025449,14.783128390598618,0.45931664785243015,32.18504807025449,14.783128390598618
Low SDI,2018,34.14636145114764,15.546998683319842,0.45530469492518405,34.14636145114764,15.546998683319842
Low SDI,2019,36.25536526325878,16.322287929581005,0.45020337848097824,36.25536526325878,16.322287929581005
Low SDI,2020,37.971950937383156,16.847308515616014,0.4436777173603145,37.971950937383156,16.847308515616014
Low SDI,2021,42.22467571029192,18.409555494067686,0.43599045307956047,42.22467571029192,18.409555494067686
Low SDI,2022,47.249717874234555,20.43463592161389,0.43248164943556144,47.249717874234555,20.43463592161389
Low SDI,2023,51.7901280182233,22.08634266033996,0.4264585453924438,51.7901280182233,22.08634266033996
Low-middle SDI,1990,18.384905144492276,9.423026452887122,0.512541477849836,18.384905144492276,9.423026452887122
Low-middle SDI,1991,18.69358121837013,9.52369389930512,0.5094633172773879,18.69358121837013,9.52369389930512
Low-middle SDI,1992,18.77455672071033,9.508073879530002,0.5064340011309875,18.77455672071033,9.508073879530002
Low-middle SDI,1993,18.94758104650487,9.53798410486816,0.5033879565659685,18.94758104650487,9.53798410486816
Low-middle SDI,1994,19.0679117876974,9.54857703406986,0.5007667929442905,19.0679117876974,9.54857703406986
Low-middle SDI,1995,19.2730845246719,9.605760900500162,0.498402883472213,19.2730845246719,9.605760900500162
Low-middle SDI,1996,19.646996937603976,9.745818147863067,0.49604619875568656,19.646996937603976,9.745818147863067
Low-middle SDI,1997,20.159290436108368,9.943621424584215,0.49325255053489736,20.159290436108368,9.943621424584215
Low-middle SDI,1998,20.6987352376915,10.14001893317817,0.4898859189576779,20.6987352376915,10.14001893317817
Low-middle SDI,1999,20.97128618524814,10.160236524480677,0.484483232679725,20.97128618524814,10.160236524480677
Low-middle SDI,2000,21.366517153367205,10.266796815654454,0.4805086735456313,21.366517153367205,10.266796815654454
Low-middle SDI,2001,21.71266675928214,10.334812005254939,0.47598077748035345,21.71266675928214,10.334812005254939
Low-middle SDI,2002,21.907279790108102,10.304911202029938,0.47038752874662987,21.907279790108102,10.304911202029938
Low-middle SDI,2003,22.144494111287614,10.301781589945362,0.46520735755685116,22.144494111287614,10.301781589945362
Low-middle SDI,2004,22.439827339257132,10.328405840970813,0.4602711814498629,22.439827339257132,10.328405840970813
Low-middle SDI,2005,22.725492041138263,10.35944997875524,0.45585151511801375,22.725492041138263,10.35944997875524
Low-middle SDI,2006,23.048245801902237,10.391625555560877,0.4508640546823406,23.048245801902237,10.391625555560877
Low-middle SDI,2007,23.721095823512357,10.593849870646359,0.44660035731341435,23.721095823512357,10.593849870646359
Low-middle SDI,2008,24.591780125010978,10.860969678050726,0.4416504060641229,24.591780125010978,10.860969678050726
Low-middle SDI,2009,25.05651184308523,10.917983043307451,0.43573435567091734,25.05651184308523,10.917983043307451
Low-middle SDI,2010,25.89302364671183,11.159823515726563,0.4309973090818907,25.89302364671183,11.159823515726563
Low-middle SDI,2011,26.75142014008858,11.43888036342228,0.427598994876554,26.75142014008858,11.43888036342228
Low-middle SDI,2012,27.718731445007105,11.762435455216082,0.4243497029635826,27.718731445007105,11.762435455216082
Low-middle SDI,2013,29.026106820391444,12.238584414443123,0.42164057653936776,29.026106820391444,12.238584414443123
Low-middle SDI,2014,30.92368958093841,12.963673060620428,0.4192149525589382,30.92368958093841,12.963673060620428
Low-middle SDI,2015,32.420203457413095,13.496230053987277,0.41629072660558136,32.420203457413095,13.496230053987277
Low-middle SDI,2016,33.523906280544686,13.845650037825333,0.4130082551227193,33.523906280544686,13.845650037825333
Low-middle SDI,2017,34.57060021575118,14.152944768478582,0.4093925092463442,34.57060021575118,14.152944768478582
Low-middle SDI,2018,35.77859426662631,14.477813153485839,0.4046501392870683,35.77859426662631,14.477813153485839
Low-middle SDI,2019,37.44719778479323,14.936881716122969,0.3988784902401595,37.44719778479323,14.936881716122969
Low-middle SDI,2020,39.45787360761631,15.506905514920422,0.3929990163465682,39.45787360761631,15.506905514920422
Low-middle SDI,2021,42.63991474732889,16.477965079227204,0.38644460658213303,42.63991474732889,16.477965079227204
Low-middle SDI,2022,45.79127916426263,17.57936160170281,0.38390195518762565,45.79127916426263,17.57936160170281
Low-middle SDI,2023,47.92685048913508,18.208728089207796,0.3799274916538836,47.92685048913508,18.208728089207796
Middle SDI,1990,21.95558800911158,9.733359573293878,0.4433203779035446,21.95558800911158,9.733359573293878
Middle SDI,1991,22.318529087600005,9.792658722691128,0.4387681053825294,22.318529087600005,9.792658722691128
Middle SDI,1992,22.818422201035073,9.894533600807682,0.4336204104576018,22.818422201035073,9.894533600807682
Middle SDI,1993,23.333791519589756,10.00704456048614,0.42886491687751566,23.333791519589756,10.00704456048614
Middle SDI,1994,23.789713324042733,10.096824062382364,0.4244197449902918,23.789713324042733,10.096824062382364
Middle SDI,1995,24.22238206293661,10.187424304317133,0.4205789619636632,24.22238206293661,10.187424304317133
Middle SDI,1996,24.75747041891003,10.316420946140449,0.4166993142506454,24.75747041891003,10.316420946140449
Middle SDI,1997,25.315335954145116,10.448461100803817,0.41273246856093937,25.315335954145116,10.448461100803817
Middle SDI,1998,25.79148834260184,10.522889433326286,0.4079985339948295,25.79148834260184,10.522889433326286
Middle SDI,1999,26.13701947643516,10.539980285582093,0.4032586919516519,26.13701947643516,10.539980285582093
Middle SDI,2000,26.42868665448801,10.53931517533242,0.39878315987157376,26.42868665448801,10.53931517533242
Middle SDI,2001,26.71194322038113,10.551676770336082,0.39501719074803904,26.71194322038113,10.551676770336082
Middle SDI,2002,26.958695436577596,10.552189561534762,0.39142063036245944,26.958695436577596,10.552189561534762
Middle SDI,2003,27.1663731038799,10.525247793258604,0.38743662074476143,27.1663731038799,10.525247793258604
Middle SDI,2004,27.978341521957738,10.756733394991166,0.3844664411773354,27.978341521957738,10.756733394991166
Middle SDI,2005,28.043239277281074,10.621066769116673,0.37873894182121876,28.043239277281074,10.621066769116673
Middle SDI,2006,28.762973015113445,10.761217158861374,0.37413438288200995,28.762973015113445,10.761217158861374
Middle SDI,2007,29.567531738240355,10.932413980177657,0.36974388247763407,29.567531738240355,10.932413980177657
Middle SDI,2008,30.394471386205485,11.117180518362451,0.3657632461213975,30.394471386205485,11.117180518362451
Middle SDI,2009,31.184130821445805,11.291429612587928,0.36208896368606297,31.184130821445805,11.291429612587928
Middle SDI,2010,32.12166670876657,11.499018178995954,0.3579832355292345,32.12166670876657,11.499018178995954
Middle SDI,2011,32.99299363642636,11.684010275212472,0.3541361055006716,32.99299363642636,11.684010275212472
Middle SDI,2012,33.687100189998766,11.813173296338691,0.35067349904596,33.687100189998766,11.813173296338691
Middle SDI,2013,34.56621854484681,12.028002120660364,0.3479698569010384,34.56621854484681,12.028002120660364
Middle SDI,2014,35.5939711766065,12.307254734151822,0.3457679580928735,35.5939711766065,12.307254734151822
Middle SDI,2015,36.72543123386924,12.607509278323457,0.34329097997619845,36.72543123386924,12.607509278323457
Middle SDI,2016,37.91899031839377,12.865409296583197,0.3392867053831451,37.91899031839377,12.865409296583197
Middle SDI,2017,39.18721552018374,13.10530895689161,0.33442817467195646,39.18721552018374,13.10530895689161
Middle SDI,2018,40.47778680549014,13.339552551849332,0.3295524188600164,40.47778680549014,13.339552551849332
Middle SDI,2019,41.873351364205014,13.572676430732757,0.32413637763743014,41.873351364205014,13.572676430732757
Middle SDI,2020,43.23386275541962,13.815125353248503,0.31954409050615523,43.23386275541962,13.815125353248503
Middle SDI,2021,46.49020910334549,14.736843874683448,0.31698811768998836,46.49020910334549,14.736843874683448
Middle SDI,2022,48.006822973427106,14.880310502080029,0.3099624090999862,48.006822973427106,14.880310502080029
Middle SDI,2023,50.490269287135725,15.412578769241604,0.3052583990311284,50.490269287135725,15.412578769241604
