year,location_name,rei_name,val
1990,China,Behavioral risks,0.27331886980000003
1990,China,Dietary risks,0.1346146378
1990,China,Metabolic risks,0.0541891966
1990,Global,Behavioral risks,0.2584160552
1990,Global,Dietary risks,0.11589395820000001
1990,Global,Metabolic risks,0.004158635799999999
1991,China,Behavioral risks,0.2746429416
1991,China,Dietary risks,0.1347374352
1991,China,Metabolic risks,0.0543617598
1991,Global,Behavioral risks,0.2573358496
1991,Global,Dietary risks,0.1156604626
1991,Global,Metabolic risks,0.0044753632000000005
1992,China,Behavioral risks,0.2756416926
1992,China,Dietary risks,0.1348595222
1992,China,Metabolic risks,0.0543974254
1992,Global,Behavioral risks,0.2570385898
1992,Global,Dietary risks,0.115876695
1992,Global,Metabolic risks,0.0046999214
1993,China,Behavioral risks,0.27622031480000003
1993,China,Dietary risks,0.1349807286
1993,China,Metabolic risks,0.0543710058
1993,Global,Behavioral risks,0.2565363578
1993,Global,Dietary risks,0.1160484478
1993,Global,Metabolic risks,0.0046422758
1994,China,Behavioral risks,0.2762659678
1994,China,Dietary risks,0.1350783904
1994,China,Metabolic risks,0.0541877052
1994,Global,Behavioral risks,0.255836709
1994,Global,Dietary risks,0.1161436582
1994,Global,Metabolic risks,0.0045856972
1995,China,Behavioral risks,0.2758905004
1995,China,Dietary risks,0.1351734088
1995,China,Metabolic risks,0.052777369399999996
1995,Global,Behavioral risks,0.2551110822
1995,Global,Dietary risks,0.1162175446
1995,Global,Metabolic risks,0.0043704056
1996,China,Behavioral risks,0.27505497019999997
1996,China,Dietary risks,0.1352595802
1996,China,Metabolic risks,0.0513901926
1996,Global,Behavioral risks,0.2535831464
1996,Global,Dietary risks,0.11595629980000001
1996,Global,Metabolic risks,0.004238381
1997,China,Behavioral risks,0.2736339612
1997,China,Dietary risks,0.1353200936
1997,China,Metabolic risks,0.0499446156
1997,Global,Behavioral risks,0.2514382414
1997,Global,Dietary risks,0.1154132594
1997,Global,Metabolic risks,0.004200393
1998,China,Behavioral risks,0.2718659718
1998,China,Dietary risks,0.135372207
1998,China,Metabolic risks,0.0485444872
1998,Global,Behavioral risks,0.2491632148
1998,Global,Dietary risks,0.1148064246
1998,Global,Metabolic risks,0.0040496998
1999,China,Behavioral risks,0.2699346842
1999,China,Dietary risks,0.1354026478
1999,China,Metabolic risks,0.0471329696
1999,Global,Behavioral risks,0.2470413038
1999,Global,Dietary risks,0.114299487
1999,Global,Metabolic risks,0.003648998
2000,China,Behavioral risks,0.2679654096
2000,China,Dietary risks,0.1354241086
2000,China,Metabolic risks,0.0457119602
2000,Global,Behavioral risks,0.2450044372
2000,Global,Dietary risks,0.1139511018
2000,Global,Metabolic risks,0.0032769114
2001,China,Behavioral risks,0.2662234028
2001,China,Dietary risks,0.1354387288
2001,China,Metabolic risks,0.044337029199999996
2001,Global,Behavioral risks,0.2432942114
2001,Global,Dietary risks,0.113743876
2001,Global,Metabolic risks,0.002798236
2002,China,Behavioral risks,0.2647280098
2002,China,Dietary risks,0.1354519412
2002,China,Metabolic risks,0.0430742732
2002,Global,Behavioral risks,0.2415457588
2002,Global,Dietary risks,0.1134030882
2002,Global,Metabolic risks,0.0020665070000000004
2003,China,Behavioral risks,0.2637512014
2003,China,Dietary risks,0.13546024239999999
2003,China,Metabolic risks,0.042313356600000004
2003,Global,Behavioral risks,0.240067105
2003,Global,Dietary risks,0.11307015720000001
2003,Global,Metabolic risks,0.0015011589999999997
2004,China,Behavioral risks,0.26321529039999997
2004,China,Dietary risks,0.1354673792
2004,China,Metabolic risks,0.0415010334
2004,Global,Behavioral risks,0.2384569652
2004,Global,Dietary risks,0.112627419
2004,Global,Metabolic risks,0.0010364234000000004
2005,China,Behavioral risks,0.2631849202
2005,China,Dietary risks,0.1354745722
2005,China,Metabolic risks,0.0407395622
2005,Global,Behavioral risks,0.23698493639999998
2005,Global,Dietary risks,0.1124545572
2005,Global,Metabolic risks,5.963885999999998e-4
2006,China,Behavioral risks,0.263607472
2006,China,Dietary risks,0.135482115
2006,China,Metabolic risks,0.040010621600000004
2006,Global,Behavioral risks,0.2349744582
2006,Global,Dietary risks,0.11190971499999999
2006,Global,Metabolic risks,2.4162019999999956e-4
2007,China,Behavioral risks,0.2643771072
2007,China,Dietary risks,0.1354869256
2007,China,Metabolic risks,0.0393315374
2007,Global,Behavioral risks,0.2328253278
2007,Global,Dietary risks,0.1112109816
2007,Global,Metabolic risks,1.56319999999998e-5
2008,China,Behavioral risks,0.2652865274
2008,China,Dietary risks,0.1354887818
2008,China,Metabolic risks,0.0386678498
2008,Global,Behavioral risks,0.2311772494
2008,Global,Dietary risks,0.1109350538
2008,Global,Metabolic risks,-3.715966000000001e-4
2009,China,Behavioral risks,0.266374446
2009,China,Dietary risks,0.1354891926
2009,China,Metabolic risks,0.0380699262
2009,Global,Behavioral risks,0.2292008508
2009,Global,Dietary risks,0.1104400572
2009,Global,Metabolic risks,-7.604313999999997e-4
2010,China,Behavioral risks,0.2674594748
2010,China,Dietary risks,0.1354874004
2010,China,Metabolic risks,0.0377081096
2010,Global,Behavioral risks,0.227078955
2010,Global,Dietary risks,0.1098656832
2010,Global,Metabolic risks,-8.586656000000004e-4
2011,China,Behavioral risks,0.2683021636
2011,China,Dietary risks,0.1354887622
2011,China,Metabolic risks,0.03755728
2011,Global,Behavioral risks,0.2250488602
2011,Global,Dietary risks,0.1094411572
2011,Global,Metabolic risks,-0.0010607518
2012,China,Behavioral risks,0.2689868376
2012,China,Dietary risks,0.1354895998
2012,China,Metabolic risks,0.037490945
2012,Global,Behavioral risks,0.222703748
2012,Global,Dietary risks,0.1090861804
2012,Global,Metabolic risks,-0.001447665
2013,China,Behavioral risks,0.2694113548
2013,China,Dietary risks,0.1354882212
2013,China,Metabolic risks,0.0374600406
2013,Global,Behavioral risks,0.2196766846
2013,Global,Dietary risks,0.1084277478
2013,Global,Metabolic risks,-0.0018218712000000001
2014,China,Behavioral risks,0.269550223
2014,China,Dietary risks,0.1354863952
2014,China,Metabolic risks,0.0374556122
2014,Global,Behavioral risks,0.21626492819999998
2014,Global,Dietary risks,0.1072580296
2014,Global,Metabolic risks,-0.0019461258
2015,China,Behavioral risks,0.2693918546
2015,China,Dietary risks,0.1354829078
2015,China,Metabolic risks,0.037495823
2015,Global,Behavioral risks,0.2135575516
2015,Global,Dietary risks,0.1065559988
2015,Global,Metabolic risks,-0.0021314214000000002
2016,China,Behavioral risks,0.2689574082
2016,China,Dietary risks,0.1354803868
2016,China,Metabolic risks,0.0374710616
2016,Global,Behavioral risks,0.2117664354
2016,Global,Dietary risks,0.1062102678
2016,Global,Metabolic risks,-0.0022972598
2017,China,Behavioral risks,0.2683644068
2017,China,Dietary risks,0.1354783244
2017,China,Metabolic risks,0.037555919199999996
2017,Global,Behavioral risks,0.2100188634
2017,Global,Dietary risks,0.1059926154
2017,Global,Metabolic risks,-0.0024258249999999995
2018,China,Behavioral risks,0.2677570526
2018,China,Dietary risks,0.1354764208
2018,China,Metabolic risks,0.037708145
2018,Global,Behavioral risks,0.2079259778
2018,Global,Dietary risks,0.1053576952
2018,Global,Metabolic risks,-0.0024767760000000004
2019,China,Behavioral risks,0.2672695758
2019,China,Dietary risks,0.135475407
2019,China,Metabolic risks,0.03797811
2019,Global,Behavioral risks,0.2061889504
2019,Global,Dietary risks,0.1048575698
2019,Global,Metabolic risks,-0.0025340184
2020,China,Behavioral risks,0.2669287104
2020,China,Dietary risks,0.1354719638
2020,China,Metabolic risks,0.0383611336
2020,Global,Behavioral risks,0.20441362
2020,Global,Dietary risks,0.1041888666
2020,Global,Metabolic risks,-0.0023891121999999993
2021,China,Behavioral risks,0.26673996640000003
2021,China,Dietary risks,0.135472297
2021,China,Metabolic risks,0.0388127394
2021,Global,Behavioral risks,0.202308655
2021,Global,Dietary risks,0.1034093086
2021,Global,Metabolic risks,-0.0021981236
2022,China,Behavioral risks,0.2666335834
2022,China,Dietary risks,0.135467319
2022,China,Metabolic risks,0.0393466152
2022,Global,Behavioral risks,0.20020014719999998
2022,Global,Dietary risks,0.102755352
2022,Global,Metabolic risks,-0.0024673516000000006
2023,China,Behavioral risks,0.2665799582
2023,China,Dietary risks,0.1354777108
2023,China,Metabolic risks,0.0401764146
2023,Global,Behavioral risks,0.198433207
2023,Global,Dietary risks,0.1021336374
2023,Global,Metabolic risks,-0.0025470557999999997
