location_name,year,Rate,measure_clean
China,1990,28.060257093143015,Incidence
China,1991,28.666685780653715,Incidence
China,1992,29.24273352248664,Incidence
China,1993,29.68171328341747,Incidence
China,1994,30.121213159729486,Incidence
China,1995,30.69140328641257,Incidence
China,1996,31.418856523766426,Incidence
China,1997,31.8237160446684,Incidence
China,1998,32.06859269583129,Incidence
China,1999,32.203050443219816,Incidence
China,2000,32.36512739349698,Incidence
China,2001,32.255406198841385,Incidence
China,2002,31.555958621025148,Incidence
China,2003,31.182916148401016,Incidence
China,2004,30.836998242745185,Incidence
China,2005,31.04552279162695,Incidence
China,2006,31.2272069553579,Incidence
China,2007,31.175608746161565,Incidence
China,2008,30.277859642679328,Incidence
China,2009,29.36531157189298,Incidence
China,2010,28.961235532646732,Incidence
China,2011,28.320205583890914,Incidence
China,2012,27.6193493728404,Incidence
China,2013,27.2342885177044,Incidence
China,2014,27.21780222186442,Incidence
China,2015,27.051182164739586,Incidence
China,2016,27.180666366552156,Incidence
China,2017,27.95109746090391,Incidence
China,2018,28.343889777288062,Incidence
China,2019,28.62336687489924,Incidence
China,2020,28.890707478863156,Incidence
China,2021,30.194738729035492,Incidence
China,2022,32.50041312929852,Incidence
China,2023,32.87222078381767,Incidence
Global,1990,36.389241723986345,Incidence
Global,1991,36.85582806947811,Incidence
Global,1992,37.20172653226507,Incidence
Global,1993,37.6745845604259,Incidence
Global,1994,38.12939488032264,Incidence
Global,1995,38.66077469732486,Incidence
Global,1996,38.919246155038394,Incidence
Global,1997,38.773424901243324,Incidence
Global,1998,38.72527580890053,Incidence
Global,1999,38.754687288962714,Incidence
Global,2000,38.81386039761186,Incidence
Global,2001,38.778444443739474,Incidence
Global,2002,38.41269744940754,Incidence
Global,2003,38.16704216738938,Incidence
Global,2004,37.90457468927142,Incidence
Global,2005,37.81647345996701,Incidence
Global,2006,37.710423825861106,Incidence
Global,2007,37.651147265219265,Incidence
Global,2008,37.65081551710467,Incidence
Global,2009,37.41826943005493,Incidence
Global,2010,37.2756879260896,Incidence
Global,2011,37.1270956498571,Incidence
Global,2012,37.07953634652032,Incidence
Global,2013,37.342144824204475,Incidence
Global,2014,37.79249132264983,Incidence
Global,2015,38.33316722932568,Incidence
Global,2016,39.02199811099509,Incidence
Global,2017,39.69967172498027,Incidence
Global,2018,40.31856703330839,Incidence
Global,2019,41.229069349672436,Incidence
Global,2020,42.15888678926017,Incidence
Global,2021,44.19120771072237,Incidence
Global,2022,46.49981059246927,Incidence
Global,2023,48.357185624315115,Incidence
High SDI,1990,53.65372658945252,Incidence
High SDI,1991,54.34804247661627,Incidence
High SDI,1992,54.86350410754123,Incidence
High SDI,1993,55.481346504676374,Incidence
High SDI,1994,56.09671602959323,Incidence
High SDI,1995,56.811277265512054,Incidence
High SDI,1996,56.898443147100124,Incidence
High SDI,1997,56.45871752961257,Incidence
High SDI,1998,56.01616357569214,Incidence
High SDI,1999,55.738254277687076,Incidence
High SDI,2000,55.68575618972949,Incidence
High SDI,2001,55.4773023792212,Incidence
High SDI,2002,54.90020304705405,Incidence
High SDI,2003,54.72053181160016,Incidence
High SDI,2004,54.30814893796671,Incidence
High SDI,2005,54.37711979797303,Incidence
High SDI,2006,54.00793887577282,Incidence
High SDI,2007,53.48368019677962,Incidence
High SDI,2008,53.149886975214436,Incidence
High SDI,2009,52.229480168979435,Incidence
High SDI,2010,51.27287229436892,Incidence
High SDI,2011,50.46280157921001,Incidence
High SDI,2012,49.76331801564919,Incidence
High SDI,2013,49.369488934408615,Incidence
High SDI,2014,49.05666966149649,Incidence
High SDI,2015,49.01545590490672,Incidence
High SDI,2016,49.433955309904775,Incidence
High SDI,2017,49.54821861919087,Incidence
High SDI,2018,49.37361068436239,Incidence
High SDI,2019,49.57665144670288,Incidence
High SDI,2020,49.7328808090571,Incidence
High SDI,2021,50.00099545339823,Incidence
High SDI,2022,51.77624311463544,Incidence
High SDI,2023,52.08012583150364,Incidence
High-middle SDI,1990,25.22643389652774,Incidence
High-middle SDI,1991,25.60191103328128,Incidence
High-middle SDI,1992,25.846354013407478,Incidence
High-middle SDI,1993,26.26365017014356,Incidence
High-middle SDI,1994,26.642201230761653,Incidence
High-middle SDI,1995,27.1086409216152,Incidence
High-middle SDI,1996,27.64688564745623,Incidence
High-middle SDI,1997,27.750361109740446,Incidence
High-middle SDI,1998,28.162095060301713,Incidence
High-middle SDI,1999,28.842935993567345,Incidence
High-middle SDI,2000,29.30264141288267,Incidence
High-middle SDI,2001,29.536609885603603,Incidence
High-middle SDI,2002,29.146186272362282,Incidence
High-middle SDI,2003,28.670348483410976,Incidence
High-middle SDI,2004,28.240171783565714,Incidence
High-middle SDI,2005,27.935903480954156,Incidence
High-middle SDI,2006,28.054128962008814,Incidence
High-middle SDI,2007,28.232243976995733,Incidence
High-middle SDI,2008,28.180847277106874,Incidence
High-middle SDI,2009,28.274281626587015,Incidence
High-middle SDI,2010,28.500905127021202,Incidence
High-middle SDI,2011,28.452757708387658,Incidence
High-middle SDI,2012,28.484694574391437,Incidence
High-middle SDI,2013,28.636443419522372,Incidence
High-middle SDI,2014,29.008750980716545,Incidence
High-middle SDI,2015,29.426460764601728,Incidence
High-middle SDI,2016,29.97466998931196,Incidence
High-middle SDI,2017,30.67044527199398,Incidence
High-middle SDI,2018,31.13074253366743,Incidence
High-middle SDI,2019,31.794413174018025,Incidence
High-middle SDI,2020,32.726172450585764,Incidence
High-middle SDI,2021,34.712893010353085,Incidence
High-middle SDI,2022,35.69810785918536,Incidence
High-middle SDI,2023,37.24588516311578,Incidence
Low SDI,1990,20.025352174402034,Incidence
Low SDI,1991,20.51297858531134,Incidence
Low SDI,1992,20.25373662373528,Incidence
Low SDI,1993,20.151392868053538,Incidence
Low SDI,1994,20.045231375395826,Incidence
Low SDI,1995,19.840655157286925,Incidence
Low SDI,1996,19.938464696976926,Incidence
Low SDI,1997,20.09966320550472,Incidence
Low SDI,1998,20.467452309751614,Incidence
Low SDI,1999,20.781587353893762,Incidence
Low SDI,2000,20.95996994798943,Incidence
Low SDI,2001,21.10062535861298,Incidence
Low SDI,2002,21.16887851599433,Incidence
Low SDI,2003,20.970053458968277,Incidence
Low SDI,2004,20.849505641305296,Incidence
Low SDI,2005,20.995070925642104,Incidence
Low SDI,2006,21.25675950488795,Incidence
Low SDI,2007,21.741810724787243,Incidence
Low SDI,2008,22.168897158510134,Incidence
Low SDI,2009,22.81864014586712,Incidence
Low SDI,2010,23.50201406598279,Incidence
Low SDI,2011,24.108682956622445,Incidence
Low SDI,2012,24.938022067436442,Incidence
Low SDI,2013,26.467019674392567,Incidence
Low SDI,2014,27.94820308317926,Incidence
Low SDI,2015,29.39676643057188,Incidence
Low SDI,2016,30.61481237571262,Incidence
Low SDI,2017,32.18504807025449,Incidence
Low SDI,2018,34.14636145114764,Incidence
Low SDI,2019,36.25536526325878,Incidence
Low SDI,2020,37.971950937383156,Incidence
Low SDI,2021,42.22467571029192,Incidence
Low SDI,2022,47.249717874234555,Incidence
Low SDI,2023,51.7901280182233,Incidence
Low-middle SDI,1990,18.384905144492276,Incidence
Low-middle SDI,1991,18.69358121837013,Incidence
Low-middle SDI,1992,18.77455672071033,Incidence
Low-middle SDI,1993,18.94758104650487,Incidence
Low-middle SDI,1994,19.0679117876974,Incidence
Low-middle SDI,1995,19.2730845246719,Incidence
Low-middle SDI,1996,19.646996937603976,Incidence
Low-middle SDI,1997,20.159290436108368,Incidence
Low-middle SDI,1998,20.6987352376915,Incidence
Low-middle SDI,1999,20.97128618524814,Incidence
Low-middle SDI,2000,21.366517153367205,Incidence
Low-middle SDI,2001,21.71266675928214,Incidence
Low-middle SDI,2002,21.907279790108102,Incidence
Low-middle SDI,2003,22.144494111287614,Incidence
Low-middle SDI,2004,22.439827339257132,Incidence
Low-middle SDI,2005,22.725492041138263,Incidence
Low-middle SDI,2006,23.048245801902237,Incidence
Low-middle SDI,2007,23.721095823512357,Incidence
Low-middle SDI,2008,24.591780125010978,Incidence
Low-middle SDI,2009,25.05651184308523,Incidence
Low-middle SDI,2010,25.89302364671183,Incidence
Low-middle SDI,2011,26.75142014008858,Incidence
Low-middle SDI,2012,27.718731445007105,Incidence
Low-middle SDI,2013,29.026106820391444,Incidence
Low-middle SDI,2014,30.92368958093841,Incidence
Low-middle SDI,2015,32.420203457413095,Incidence
Low-middle SDI,2016,33.523906280544686,Incidence
Low-middle SDI,2017,34.57060021575118,Incidence
Low-middle SDI,2018,35.77859426662631,Incidence
Low-middle SDI,2019,37.44719778479323,Incidence
Low-middle SDI,2020,39.45787360761631,Incidence
Low-middle SDI,2021,42.63991474732889,Incidence
Low-middle SDI,2022,45.79127916426263,Incidence
Low-middle SDI,2023,47.92685048913508,Incidence
Middle SDI,1990,21.95558800911158,Incidence
Middle SDI,1991,22.318529087600005,Incidence
Middle SDI,1992,22.818422201035073,Incidence
Middle SDI,1993,23.333791519589756,Incidence
Middle SDI,1994,23.789713324042733,Incidence
Middle SDI,1995,24.22238206293661,Incidence
Middle SDI,1996,24.75747041891003,Incidence
Middle SDI,1997,25.315335954145116,Incidence
Middle SDI,1998,25.79148834260184,Incidence
Middle SDI,1999,26.13701947643516,Incidence
Middle SDI,2000,26.42868665448801,Incidence
Middle SDI,2001,26.71194322038113,Incidence
Middle SDI,2002,26.958695436577596,Incidence
Middle SDI,2003,27.1663731038799,Incidence
Middle SDI,2004,27.978341521957738,Incidence
Middle SDI,2005,28.043239277281074,Incidence
Middle SDI,2006,28.762973015113445,Incidence
Middle SDI,2007,29.567531738240355,Incidence
Middle SDI,2008,30.394471386205485,Incidence
Middle SDI,2009,31.184130821445805,Incidence
Middle SDI,2010,32.12166670876657,Incidence
Middle SDI,2011,32.99299363642636,Incidence
Middle SDI,2012,33.687100189998766,Incidence
Middle SDI,2013,34.56621854484681,Incidence
Middle SDI,2014,35.5939711766065,Incidence
Middle SDI,2015,36.72543123386924,Incidence
Middle SDI,2016,37.91899031839377,Incidence
Middle SDI,2017,39.18721552018374,Incidence
Middle SDI,2018,40.47778680549014,Incidence
Middle SDI,2019,41.873351364205014,Incidence
Middle SDI,2020,43.23386275541962,Incidence
Middle SDI,2021,46.49020910334549,Incidence
Middle SDI,2022,48.006822973427106,Incidence
Middle SDI,2023,50.490269287135725,Incidence
China,1990,9.247319161045855,Deaths
China,1991,9.29257467663352,Deaths
China,1992,9.310104746098201,Deaths
China,1993,9.26667980119499,Deaths
China,1994,9.217908602923503,Deaths
China,1995,9.209519566796383,Deaths
China,1996,9.237372611027917,Deaths
China,1997,9.18635642437,Deaths
China,1998,9.100443373344383,Deaths
China,1999,8.96120664178178,Deaths
China,2000,8.843810930926022,Deaths
China,2001,8.667518184758785,Deaths
China,2002,8.313835271529149,Deaths
China,2003,7.979687086839768,Deaths
China,2004,7.610137936378562,Deaths
China,2005,7.3310806780391875,Deaths
China,2006,7.021110118749262,Deaths
China,2007,6.731670448342491,Deaths
China,2008,6.359599904175726,Deaths
China,2009,6.047494521698848,Deaths
China,2010,5.792998882139601,Deaths
China,2011,5.485924167062471,Deaths
China,2012,5.193257434915287,Deaths
China,2013,4.95130797449196,Deaths
China,2014,4.808823498813513,Deaths
China,2015,4.682788113544191,Deaths
China,2016,4.6059323084965,Deaths
China,2017,4.60221059413422,Deaths
China,2018,4.539866255939962,Deaths
China,2019,4.455563934140901,Deaths
China,2020,4.386503796207,Deaths
China,2021,4.4919844550767385,Deaths
China,2022,4.760080674075864,Deaths
China,2023,4.720187005409903,Deaths
Global,1990,11.06730432966295,Deaths
Global,1991,11.111382504426453,Deaths
Global,1992,11.092919776572009,Deaths
Global,1993,11.121769412611735,Deaths
Global,1994,11.12300454612145,Deaths
Global,1995,11.09947537545911,Deaths
Global,1996,11.031658471392674,Deaths
Global,1997,10.8967370788273,Deaths
Global,1998,10.816666586595598,Deaths
Global,1999,10.75129389058456,Deaths
Global,2000,10.67790092394525,Deaths
Global,2001,10.573113324633361,Deaths
Global,2002,10.386821911440343,Deaths
Global,2003,10.19458730185708,Deaths
Global,2004,10.015190750940233,Deaths
Global,2005,9.827140990013248,Deaths
Global,2006,9.684740115643336,Deaths
Global,2007,9.60862648804451,Deaths
Global,2008,9.558977649897939,Deaths
Global,2009,9.482130685417353,Deaths
Global,2010,9.452761802082657,Deaths
Global,2011,9.422331033413887,Deaths
Global,2012,9.432353666091267,Deaths
Global,2013,9.55778313910121,Deaths
Global,2014,9.760711887911658,Deaths
Global,2015,9.973593244778659,Deaths
Global,2016,10.161777936804425,Deaths
Global,2017,10.357525934512497,Deaths
Global,2018,10.557286404151741,Deaths
Global,2019,10.801520383202527,Deaths
Global,2020,11.043873979059036,Deaths
Global,2021,11.693704259025592,Deaths
Global,2022,12.365129551323605,Deaths
Global,2023,12.920714867618619,Deaths
High SDI,1990,12.40402415874921,Deaths
High SDI,1991,12.40763785203387,Deaths
High SDI,1992,12.402374679116077,Deaths
High SDI,1993,12.430097585789083,Deaths
High SDI,1994,12.411489678990648,Deaths
High SDI,1995,12.325477211428375,Deaths
High SDI,1996,12.087558883740439,Deaths
High SDI,1997,11.770110190171271,Deaths
High SDI,1998,11.49578038896883,Deaths
High SDI,1999,11.276470069010529,Deaths
High SDI,2000,11.072518601813274,Deaths
High SDI,2001,10.836598753098283,Deaths
High SDI,2002,10.544563473440629,Deaths
High SDI,2003,10.307931955676022,Deaths
High SDI,2004,10.002452663276863,Deaths
High SDI,2005,9.713459333971615,Deaths
High SDI,2006,9.374756566895286,Deaths
High SDI,2007,9.075541055619132,Deaths
High SDI,2008,8.844341702896998,Deaths
High SDI,2009,8.54793656226037,Deaths
High SDI,2010,8.274739997359232,Deaths
High SDI,2011,8.035523008699505,Deaths
High SDI,2012,7.818568317431358,Deaths
High SDI,2013,7.661038545459228,Deaths
High SDI,2014,7.55663366563993,Deaths
High SDI,2015,7.513463642853116,Deaths
High SDI,2016,7.519759371743283,Deaths
High SDI,2017,7.485135901410103,Deaths
High SDI,2018,7.404542029367422,Deaths
High SDI,2019,7.362213050849435,Deaths
High SDI,2020,7.312691981889519,Deaths
High SDI,2021,7.341965394683356,Deaths
High SDI,2022,7.55354267548221,Deaths
High SDI,2023,7.52931718092596,Deaths
High-middle SDI,1990,9.648998550235634,Deaths
High-middle SDI,1991,9.672587652486026,Deaths
High-middle SDI,1992,9.628662879632902,Deaths
High-middle SDI,1993,9.648183317150227,Deaths
High-middle SDI,1994,9.645226385681527,Deaths
High-middle SDI,1995,9.674943079063167,Deaths
High-middle SDI,1996,9.715108474072572,Deaths
High-middle SDI,1997,9.598082293259054,Deaths
High-middle SDI,1998,9.598352626823445,Deaths
High-middle SDI,1999,9.677295354311521,Deaths
High-middle SDI,2000,9.690451716314108,Deaths
High-middle SDI,2001,9.634864502508854,Deaths
High-middle SDI,2002,9.399322769070265,Deaths
High-middle SDI,2003,9.095388655479828,Deaths
High-middle SDI,2004,8.807749645395816,Deaths
High-middle SDI,2005,8.557783710531393,Deaths
High-middle SDI,2006,8.433087954296486,Deaths
High-middle SDI,2007,8.337875859375938,Deaths
High-middle SDI,2008,8.190024452998445,Deaths
High-middle SDI,2009,8.099099407215807,Deaths
High-middle SDI,2010,8.031752966482951,Deaths
High-middle SDI,2011,7.891490014722656,Deaths
High-middle SDI,2012,7.8110415646863665,Deaths
High-middle SDI,2013,7.78897190126461,Deaths
High-middle SDI,2014,7.836175769517082,Deaths
High-middle SDI,2015,7.914131737584519,Deaths
High-middle SDI,2016,7.978997921834165,Deaths
High-middle SDI,2017,8.033997525557032,Deaths
High-middle SDI,2018,8.03189510352497,Deaths
High-middle SDI,2019,8.059367342626382,Deaths
High-middle SDI,2020,8.196762466027474,Deaths
High-middle SDI,2021,8.617014471763113,Deaths
High-middle SDI,2022,8.740602315207154,Deaths
High-middle SDI,2023,9.023114014305394,Deaths
Low SDI,1990,11.06812285187359,Deaths
Low SDI,1991,11.28775574916654,Deaths
Low SDI,1992,11.101354446645983,Deaths
Low SDI,1993,11.00658131588518,Deaths
Low SDI,1994,10.921523863654738,Deaths
Low SDI,1995,10.766028778355802,Deaths
Low SDI,1996,10.760972593031209,Deaths
Low SDI,1997,10.779932364177592,Deaths
Low SDI,1998,10.901300956712344,Deaths
Low SDI,1999,10.984598813277739,Deaths
Low SDI,2000,11.002486390074624,Deaths
Low SDI,2001,11.004005124330705,Deaths
Low SDI,2002,10.951155133947843,Deaths
Low SDI,2003,10.766668455512427,Deaths
Low SDI,2004,10.633653054052775,Deaths
Low SDI,2005,10.629406408670892,Deaths
Low SDI,2006,10.680843233962856,Deaths
Low SDI,2007,10.834251588941578,Deaths
Low SDI,2008,10.961698499565058,Deaths
Low SDI,2009,11.184585362721862,Deaths
Low SDI,2010,11.430170246776308,Deaths
Low SDI,2011,11.64358536148892,Deaths
Low SDI,2012,11.957553656671738,Deaths
Low SDI,2013,12.59194725254519,Deaths
Low SDI,2014,13.179012783410505,Deaths
Low SDI,2015,13.732999730113503,Deaths
Low SDI,2016,14.17361108973354,Deaths
Low SDI,2017,14.783128390598618,Deaths
Low SDI,2018,15.546998683319842,Deaths
Low SDI,2019,16.322287929581005,Deaths
Low SDI,2020,16.847308515616014,Deaths
Low SDI,2021,18.409555494067686,Deaths
Low SDI,2022,20.43463592161389,Deaths
Low SDI,2023,22.08634266033996,Deaths
Low-middle SDI,1990,9.423026452887122,Deaths
Low-middle SDI,1991,9.52369389930512,Deaths
Low-middle SDI,1992,9.508073879530002,Deaths
Low-middle SDI,1993,9.53798410486816,Deaths
Low-middle SDI,1994,9.54857703406986,Deaths
Low-middle SDI,1995,9.605760900500162,Deaths
Low-middle SDI,1996,9.745818147863067,Deaths
Low-middle SDI,1997,9.943621424584215,Deaths
Low-middle SDI,1998,10.14001893317817,Deaths
Low-middle SDI,1999,10.160236524480677,Deaths
Low-middle SDI,2000,10.266796815654454,Deaths
Low-middle SDI,2001,10.334812005254939,Deaths
Low-middle SDI,2002,10.304911202029938,Deaths
Low-middle SDI,2003,10.301781589945362,Deaths
Low-middle SDI,2004,10.328405840970813,Deaths
Low-middle SDI,2005,10.35944997875524,Deaths
Low-middle SDI,2006,10.391625555560877,Deaths
Low-middle SDI,2007,10.593849870646359,Deaths
Low-middle SDI,2008,10.860969678050726,Deaths
Low-middle SDI,2009,10.917983043307451,Deaths
Low-middle SDI,2010,11.159823515726563,Deaths
Low-middle SDI,2011,11.43888036342228,Deaths
Low-middle SDI,2012,11.762435455216082,Deaths
Low-middle SDI,2013,12.238584414443123,Deaths
Low-middle SDI,2014,12.963673060620428,Deaths
Low-middle SDI,2015,13.496230053987277,Deaths
Low-middle SDI,2016,13.845650037825333,Deaths
Low-middle SDI,2017,14.152944768478582,Deaths
Low-middle SDI,2018,14.477813153485839,Deaths
Low-middle SDI,2019,14.936881716122969,Deaths
Low-middle SDI,2020,15.506905514920422,Deaths
Low-middle SDI,2021,16.477965079227204,Deaths
Low-middle SDI,2022,17.57936160170281,Deaths
Low-middle SDI,2023,18.208728089207796,Deaths
Middle SDI,1990,9.733359573293878,Deaths
Middle SDI,1991,9.792658722691128,Deaths
Middle SDI,1992,9.894533600807682,Deaths
Middle SDI,1993,10.00704456048614,Deaths
Middle SDI,1994,10.096824062382364,Deaths
Middle SDI,1995,10.187424304317133,Deaths
Middle SDI,1996,10.316420946140449,Deaths
Middle SDI,1997,10.448461100803817,Deaths
Middle SDI,1998,10.522889433326286,Deaths
Middle SDI,1999,10.539980285582093,Deaths
Middle SDI,2000,10.53931517533242,Deaths
Middle SDI,2001,10.551676770336082,Deaths
Middle SDI,2002,10.552189561534762,Deaths
Middle SDI,2003,10.525247793258604,Deaths
Middle SDI,2004,10.756733394991166,Deaths
Middle SDI,2005,10.621066769116673,Deaths
Middle SDI,2006,10.761217158861374,Deaths
Middle SDI,2007,10.932413980177657,Deaths
Middle SDI,2008,11.117180518362451,Deaths
Middle SDI,2009,11.291429612587928,Deaths
Middle SDI,2010,11.499018178995954,Deaths
Middle SDI,2011,11.684010275212472,Deaths
Middle SDI,2012,11.813173296338691,Deaths
Middle SDI,2013,12.028002120660364,Deaths
Middle SDI,2014,12.307254734151822,Deaths
Middle SDI,2015,12.607509278323457,Deaths
Middle SDI,2016,12.865409296583197,Deaths
Middle SDI,2017,13.10530895689161,Deaths
Middle SDI,2018,13.339552551849332,Deaths
Middle SDI,2019,13.572676430732757,Deaths
Middle SDI,2020,13.815125353248503,Deaths
Middle SDI,2021,14.736843874683448,Deaths
Middle SDI,2022,14.880310502080029,Deaths
Middle SDI,2023,15.412578769241604,Deaths
China,1990,470.2851703979483,DALYs
China,1991,473.1912418631072,DALYs
China,1992,474.46873191783595,DALYs
China,1993,472.45821937542917,DALYs
China,1994,470.52289715982664,DALYs
China,1995,470.27637657007296,DALYs
China,1996,472.07457890214886,DALYs
China,1997,469.72898579241934,DALYs
China,1998,465.4665624235997,DALYs
China,1999,458.5887437489175,DALYs
China,2000,452.38751339850626,DALYs
China,2001,443.2446765617949,DALYs
China,2002,425.1440526634856,DALYs
China,2003,407.9013196000317,DALYs
China,2004,389.0972709310995,DALYs
China,2005,375.1649797618873,DALYs
China,2006,360.0364582097205,DALYs
China,2007,345.88582258376664,DALYs
China,2008,327.3410528222487,DALYs
China,2009,311.562124490052,DALYs
China,2010,298.9272725352006,DALYs
China,2011,283.4955085747943,DALYs
China,2012,268.7516286829619,DALYs
China,2013,256.8042792280644,DALYs
China,2014,249.7479154414051,DALYs
China,2015,243.36926937688563,DALYs
China,2016,239.46400117077184,DALYs
China,2017,239.67077139525554,DALYs
China,2018,237.11541482668798,DALYs
China,2019,233.5760119103905,DALYs
China,2020,230.67768049070858,DALYs
China,2021,236.6427449771774,DALYs
China,2022,250.9096978376676,DALYs
China,2023,248.60978680638493,DALYs
Global,1990,558.8759693046662,DALYs
Global,1991,561.409277472797,DALYs
Global,1992,560.8987020463591,DALYs
Global,1993,562.542731290572,DALYs
Global,1994,562.8787241401571,DALYs
Global,1995,561.797847032374,DALYs
Global,1996,558.6317341704566,DALYs
Global,1997,552.1258955517092,DALYs
Global,1998,548.2785741337962,DALYs
Global,1999,545.2682422380642,DALYs
Global,2000,541.8080437362294,DALYs
Global,2001,536.7159539940956,DALYs
Global,2002,527.3824683802551,DALYs
Global,2003,517.6936226455427,DALYs
Global,2004,508.76515850481775,DALYs
Global,2005,499.55753648119105,DALYs
Global,2006,492.85514452355955,DALYs
Global,2007,489.4713532169194,DALYs
Global,2008,487.4023099063014,DALYs
Global,2009,483.96819743695653,DALYs
Global,2010,483.02622093295105,DALYs
Global,2011,481.9206589937611,DALYs
Global,2012,482.76798179893154,DALYs
Global,2013,489.52618046937914,DALYs
Global,2014,500.0679827584446,DALYs
Global,2015,511.0243135482858,DALYs
Global,2016,520.8028979487627,DALYs
Global,2017,531.117094224456,DALYs
Global,2018,541.8739511357446,DALYs
Global,2019,555.0032082246089,DALYs
Global,2020,567.1186971172186,DALYs
Global,2021,599.394229003243,DALYs
Global,2022,635.4921610010067,DALYs
Global,2023,664.2409945109762,DALYs
High SDI,1990,629.6628613811492,DALYs
High SDI,1991,630.2360159531784,DALYs
High SDI,1992,630.7988578864187,DALYs
High SDI,1993,632.5241875921444,DALYs
High SDI,1994,632.1268646724922,DALYs
High SDI,1995,628.3525822940558,DALYs
High SDI,1996,616.8603539756041,DALYs
High SDI,1997,601.3985121407997,DALYs
High SDI,1998,587.8207459448254,DALYs
High SDI,1999,576.9283085936917,DALYs
High SDI,2000,567.0691822939785,DALYs
High SDI,2001,555.5668990968223,DALYs
High SDI,2002,540.9313146712968,DALYs
High SDI,2003,529.1240537870685,DALYs
High SDI,2004,514.123272954651,DALYs
High SDI,2005,500.23114718297126,DALYs
High SDI,2006,484.1110080362469,DALYs
High SDI,2007,469.577992301539,DALYs
High SDI,2008,458.33998459047507,DALYs
High SDI,2009,443.76679433442325,DALYs
High SDI,2010,430.4859964756542,DALYs
High SDI,2011,418.80271576163034,DALYs
High SDI,2012,408.06887629908965,DALYs
High SDI,2013,400.5995519630103,DALYs
High SDI,2014,395.75801404601026,DALYs
High SDI,2015,393.8816235870142,DALYs
High SDI,2016,394.59997684892073,DALYs
High SDI,2017,393.07993013401466,DALYs
High SDI,2018,389.1504668923401,DALYs
High SDI,2019,387.29868645435374,DALYs
High SDI,2020,384.9641137770197,DALYs
High SDI,2021,386.48929623823693,DALYs
High SDI,2022,398.216707562541,DALYs
High SDI,2023,396.8893457380315,DALYs
High-middle SDI,1990,484.4711788422721,DALYs
High-middle SDI,1991,485.98923619849995,DALYs
High-middle SDI,1992,483.9648083013787,DALYs
High-middle SDI,1993,485.22773719535587,DALYs
High-middle SDI,1994,485.50356794438113,DALYs
High-middle SDI,1995,487.1189994000708,DALYs
High-middle SDI,1996,489.4012735110097,DALYs
High-middle SDI,1997,483.7297485269954,DALYs
High-middle SDI,1998,483.89325354867134,DALYs
High-middle SDI,1999,488.2203594961639,DALYs
High-middle SDI,2000,489.1420643995597,DALYs
High-middle SDI,2001,486.4908750174433,DALYs
High-middle SDI,2002,474.47060455443255,DALYs
High-middle SDI,2003,458.77757354617387,DALYs
High-middle SDI,2004,443.96850196037883,DALYs
High-middle SDI,2005,431.0730938132482,DALYs
High-middle SDI,2006,424.8435367846068,DALYs
High-middle SDI,2007,420.38579498556965,DALYs
High-middle SDI,2008,413.59395749853053,DALYs
High-middle SDI,2009,409.51848307594395,DALYs
High-middle SDI,2010,406.73231552596917,DALYs
High-middle SDI,2011,400.04444500038534,DALYs
High-middle SDI,2012,396.3601083561394,DALYs
High-middle SDI,2013,395.6826071410292,DALYs
High-middle SDI,2014,398.0681704079823,DALYs
High-middle SDI,2015,402.15129553705646,DALYs
High-middle SDI,2016,405.5859450386753,DALYs
High-middle SDI,2017,408.7172418638643,DALYs
High-middle SDI,2018,409.0581013531574,DALYs
High-middle SDI,2019,411.12352884461023,DALYs
High-middle SDI,2020,417.97526223521385,DALYs
High-middle SDI,2021,438.9125575284447,DALYs
High-middle SDI,2022,446.73581824368665,DALYs
High-middle SDI,2023,460.7325916670926,DALYs
Low SDI,1990,560.4464361709813,DALYs
Low SDI,1991,571.5824935043555,DALYs
Low SDI,1992,562.3856023243109,DALYs
Low SDI,1993,557.6148785998016,DALYs
Low SDI,1994,553.2116912541818,DALYs
Low SDI,1995,544.838728710265,DALYs
Low SDI,1996,544.4507798509461,DALYs
Low SDI,1997,545.2666117235519,DALYs
Low SDI,1998,551.2789439727505,DALYs
Low SDI,1999,555.415916848226,DALYs
Low SDI,2000,556.0241388597842,DALYs
Low SDI,2001,555.6095620108923,DALYs
Low SDI,2002,552.8088655460391,DALYs
Low SDI,2003,543.3687325417716,DALYs
Low SDI,2004,536.4862037526066,DALYs
Low SDI,2005,536.0652266816699,DALYs
Low SDI,2006,538.6542522250152,DALYs
Low SDI,2007,546.4857165766496,DALYs
Low SDI,2008,552.9856464329399,DALYs
Low SDI,2009,564.4202621145819,DALYs
Low SDI,2010,577.02062277066,DALYs
Low SDI,2011,588.0366022737816,DALYs
Low SDI,2012,604.108306195227,DALYs
Low SDI,2013,636.2141842133701,DALYs
Low SDI,2014,666.0058357658447,DALYs
Low SDI,2015,694.1123123941352,DALYs
Low SDI,2016,716.5708714907739,DALYs
Low SDI,2017,747.9317992140333,DALYs
Low SDI,2018,787.7671918088713,DALYs
Low SDI,2019,827.8682749678551,DALYs
Low SDI,2020,853.8346313843717,DALYs
Low SDI,2021,930.8266575994871,DALYs
Low SDI,2022,1036.5576654892402,DALYs
Low SDI,2023,1121.515916472272,DALYs
Low-middle SDI,1990,473.9471502901627,DALYs
Low-middle SDI,1991,479.1537219952454,DALYs
Low-middle SDI,1992,478.38067591077555,DALYs
Low-middle SDI,1993,479.85936928274447,DALYs
Low-middle SDI,1994,480.11020200996535,DALYs
Low-middle SDI,1995,482.42860714581354,DALYs
Low-middle SDI,1996,489.19658318261526,DALYs
Low-middle SDI,1997,498.92550317786817,DALYs
Low-middle SDI,1998,508.84787389619794,DALYs
Low-middle SDI,1999,510.635863299992,DALYs
Low-middle SDI,2000,516.1378569236956,DALYs
Low-middle SDI,2001,519.6150719774258,DALYs
Low-middle SDI,2002,518.4768919746705,DALYs
Low-middle SDI,2003,518.7247880720514,DALYs
Low-middle SDI,2004,520.6337327411098,DALYs
Low-middle SDI,2005,522.4198641322812,DALYs
Low-middle SDI,2006,524.4537400009937,DALYs
Low-middle SDI,2007,535.2301443586739,DALYs
Low-middle SDI,2008,549.0217995880766,DALYs
Low-middle SDI,2009,552.3322285899354,DALYs
Low-middle SDI,2010,565.1032542764748,DALYs
Low-middle SDI,2011,579.7338742054142,DALYs
Low-middle SDI,2012,596.3564093185133,DALYs
Low-middle SDI,2013,620.5271607950632,DALYs
Low-middle SDI,2014,657.2411535093693,DALYs
Low-middle SDI,2015,684.1793715964209,DALYs
Low-middle SDI,2016,702.3231341303454,DALYs
Low-middle SDI,2017,718.7595831731652,DALYs
Low-middle SDI,2018,736.6939192857168,DALYs
Low-middle SDI,2019,761.563543609354,DALYs
Low-middle SDI,2020,789.8705428877829,DALYs
Low-middle SDI,2021,838.5271640217237,DALYs
Low-middle SDI,2022,895.8814430036766,DALYs
Low-middle SDI,2023,928.7418341691491,DALYs
Middle SDI,1990,482.7273778452877,DALYs
Middle SDI,1991,485.89931825376317,DALYs
Middle SDI,1992,491.26879780570135,DALYs
Middle SDI,1993,497.12167768098993,DALYs
Middle SDI,1994,501.9084694691732,DALYs
Middle SDI,1995,506.4842967335699,DALYs
Middle SDI,1996,513.1439386661683,DALYs
Middle SDI,1997,519.9404166563259,DALYs
Middle SDI,1998,523.7997198898897,DALYs
Middle SDI,1999,524.8879375998439,DALYs
Middle SDI,2000,524.8437170600549,DALYs
Middle SDI,2001,525.653296964499,DALYs
Middle SDI,2002,525.7883679995672,DALYs
Middle SDI,2003,524.5134506881956,DALYs
Middle SDI,2004,535.875353690364,DALYs
Middle SDI,2005,529.3804130446609,DALYs
Middle SDI,2006,536.3755497665873,DALYs
Middle SDI,2007,545.1261896957535,DALYs
Middle SDI,2008,554.5982910936324,DALYs
Middle SDI,2009,563.699672588141,DALYs
Middle SDI,2010,574.5344299219751,DALYs
Middle SDI,2011,584.186495456931,DALYs
Middle SDI,2012,591.1308049518431,DALYs
Middle SDI,2013,602.3336495801317,DALYs
Middle SDI,2014,616.7428710814105,DALYs
Middle SDI,2015,632.0510667363031,DALYs
Middle SDI,2016,645.0732938056589,DALYs
Middle SDI,2017,657.4886055516822,DALYs
Middle SDI,2018,669.7903243077656,DALYs
Middle SDI,2019,682.2871529429847,DALYs
Middle SDI,2020,694.3149301554763,DALYs
Middle SDI,2021,738.4057064882671,DALYs
Middle SDI,2022,748.9843404053689,DALYs
Middle SDI,2023,776.6475916501521,DALYs
