location_name,year,age_name,Risk_Factor,val
China,1990,25-29 years,High BMI,0
China,1990,25-29 years,High alcohol use,0.008707177
China,1990,25-29 years,High fasting plasma glucose,0.037119062
China,1990,25-29 years,Low physical activity,0.011168373
China,1990,25-29 years,Tobacco use,0.136495965
China,1990,30-34 years,High BMI,0
China,1990,30-34 years,High alcohol use,0.011251252
China,1990,30-34 years,High fasting plasma glucose,0.045145279
China,1990,30-34 years,Low physical activity,0.01110376
China,1990,30-34 years,Tobacco use,0.137370708
China,1990,35-39 years,High BMI,0
China,1990,35-39 years,High alcohol use,0.014355623
China,1990,35-39 years,High fasting plasma glucose,0.054268752
China,1990,35-39 years,Low physical activity,0.01096633
China,1990,35-39 years,Tobacco use,0.137975961
China,1990,40-44 years,High BMI,0
China,1990,40-44 years,High alcohol use,0.017381931
China,1990,40-44 years,High fasting plasma glucose,0.063398239
China,1990,40-44 years,Low physical activity,0.011178685
China,1990,40-44 years,Tobacco use,0.140296999
China,1990,45-49 years,High BMI,0
China,1990,45-49 years,High alcohol use,0.016798402
China,1990,45-49 years,High fasting plasma glucose,0.071014651
China,1990,45-49 years,Low physical activity,0.01205881
China,1990,45-49 years,Tobacco use,0.142031351
China,1991,25-29 years,High BMI,0
China,1991,25-29 years,High alcohol use,0.008668082
China,1991,25-29 years,High fasting plasma glucose,0.037078072
China,1991,25-29 years,Low physical activity,0.01104014
China,1991,25-29 years,Tobacco use,0.137896001
China,1991,30-34 years,High BMI,0
China,1991,30-34 years,High alcohol use,0.011389877
China,1991,30-34 years,High fasting plasma glucose,0.045277697
China,1991,30-34 years,Low physical activity,0.011019688
China,1991,30-34 years,Tobacco use,0.138874973
China,1991,35-39 years,High BMI,0
China,1991,35-39 years,High alcohol use,0.014408969
China,1991,35-39 years,High fasting plasma glucose,0.054455602
China,1991,35-39 years,Low physical activity,0.010911174
China,1991,35-39 years,Tobacco use,0.13945631
China,1991,40-44 years,High BMI,0
China,1991,40-44 years,High alcohol use,0.017398213
China,1991,40-44 years,High fasting plasma glucose,0.063598557
China,1991,40-44 years,Low physical activity,0.01115987
China,1991,40-44 years,Tobacco use,0.141832158
China,1991,45-49 years,High BMI,0
China,1991,45-49 years,High alcohol use,0.016723696
China,1991,45-49 years,High fasting plasma glucose,0.071398871
China,1991,45-49 years,Low physical activity,0.011973671
China,1991,45-49 years,Tobacco use,0.143574596
China,1992,25-29 years,High BMI,0
China,1992,25-29 years,High alcohol use,0.00861133
China,1992,25-29 years,High fasting plasma glucose,0.036955778
China,1992,25-29 years,Low physical activity,0.010904849
China,1992,25-29 years,Tobacco use,0.138975191
China,1992,30-34 years,High BMI,0
China,1992,30-34 years,High alcohol use,0.011478762
China,1992,30-34 years,High fasting plasma glucose,0.045254198
China,1992,30-34 years,Low physical activity,0.010952529
China,1992,30-34 years,Tobacco use,0.140055002
China,1992,35-39 years,High BMI,0
China,1992,35-39 years,High alcohol use,0.014416335
China,1992,35-39 years,High fasting plasma glucose,0.054523553
China,1992,35-39 years,Low physical activity,0.010833588
China,1992,35-39 years,Tobacco use,0.140625131
China,1992,40-44 years,High BMI,0
China,1992,40-44 years,High alcohol use,0.017347591
China,1992,40-44 years,High fasting plasma glucose,0.063764437
China,1992,40-44 years,Low physical activity,0.011107154
China,1992,40-44 years,Tobacco use,0.143038549
China,1992,45-49 years,High BMI,0
China,1992,45-49 years,High alcohol use,0.016582618
China,1992,45-49 years,High fasting plasma glucose,0.071489161
China,1992,45-49 years,Low physical activity,0.011884018
China,1992,45-49 years,Tobacco use,0.14475142
China,1993,25-29 years,High BMI,0
China,1993,25-29 years,High alcohol use,0.008528273
China,1993,25-29 years,High fasting plasma glucose,0.036750774
China,1993,25-29 years,Low physical activity,0.010803997
China,1993,25-29 years,Tobacco use,0.139583593
China,1993,30-34 years,High BMI,0
China,1993,30-34 years,High alcohol use,0.011488224
China,1993,30-34 years,High fasting plasma glucose,0.045135186
China,1993,30-34 years,Low physical activity,0.010919114
China,1993,30-34 years,Tobacco use,0.140771596
China,1993,35-39 years,High BMI,0
China,1993,35-39 years,High alcohol use,0.014395055
China,1993,35-39 years,High fasting plasma glucose,0.054511691
China,1993,35-39 years,Low physical activity,0.010799687
China,1993,35-39 years,Tobacco use,0.141304539
China,1993,40-44 years,High BMI,0
China,1993,40-44 years,High alcohol use,0.017256645
China,1993,40-44 years,High fasting plasma glucose,0.063808651
China,1993,40-44 years,Low physical activity,0.011058391
China,1993,40-44 years,Tobacco use,0.143741507
China,1993,45-49 years,High BMI,0
China,1993,45-49 years,High alcohol use,0.016385677
China,1993,45-49 years,High fasting plasma glucose,0.071648727
China,1993,45-49 years,Low physical activity,0.011831627
China,1993,45-49 years,Tobacco use,0.14543194
China,1994,25-29 years,High BMI,0
China,1994,25-29 years,High alcohol use,0.008433117
China,1994,25-29 years,High fasting plasma glucose,0.036493657
China,1994,25-29 years,Low physical activity,0.010710071
China,1994,25-29 years,Tobacco use,0.139634739
China,1994,30-34 years,High BMI,0
China,1994,30-34 years,High alcohol use,0.011460043
China,1994,30-34 years,High fasting plasma glucose,0.044893553
China,1994,30-34 years,Low physical activity,0.010853953
China,1994,30-34 years,Tobacco use,0.140912576
China,1994,35-39 years,High BMI,0
China,1994,35-39 years,High alcohol use,0.014344689
China,1994,35-39 years,High fasting plasma glucose,0.054366981
China,1994,35-39 years,Low physical activity,0.010774211
China,1994,35-39 years,Tobacco use,0.141401213
China,1994,40-44 years,High BMI,0
China,1994,40-44 years,High alcohol use,0.017120798
China,1994,40-44 years,High fasting plasma glucose,0.063634956
China,1994,40-44 years,Low physical activity,0.011005397
China,1994,40-44 years,Tobacco use,0.143844972
China,1994,45-49 years,High BMI,0
China,1994,45-49 years,High alcohol use,0.016143582
China,1994,45-49 years,High fasting plasma glucose,0.071549379
China,1994,45-49 years,Low physical activity,0.011806218
China,1994,45-49 years,Tobacco use,0.14552017
China,1995,25-29 years,High BMI,0
China,1995,25-29 years,High alcohol use,0.008338651
China,1995,25-29 years,High fasting plasma glucose,0.03511786
China,1995,25-29 years,Low physical activity,0.010616029
China,1995,25-29 years,Tobacco use,0.139246527
China,1995,30-34 years,High BMI,0
China,1995,30-34 years,High alcohol use,0.011409601
China,1995,30-34 years,High fasting plasma glucose,0.04345072
China,1995,30-34 years,Low physical activity,0.010807546
China,1995,30-34 years,Tobacco use,0.140529268
China,1995,35-39 years,High BMI,0
China,1995,35-39 years,High alcohol use,0.014282506
China,1995,35-39 years,High fasting plasma glucose,0.052922965
China,1995,35-39 years,Low physical activity,0.01073557
China,1995,35-39 years,Tobacco use,0.141033552
China,1995,40-44 years,High BMI,0
China,1995,40-44 years,High alcohol use,0.016959161
China,1995,40-44 years,High fasting plasma glucose,0.062203734
China,1995,40-44 years,Low physical activity,0.010952409
China,1995,40-44 years,Tobacco use,0.143403451
China,1995,45-49 years,High BMI,0
China,1995,45-49 years,High alcohol use,0.015864352
China,1995,45-49 years,High fasting plasma glucose,0.070191568
China,1995,45-49 years,Low physical activity,0.01175463
China,1995,45-49 years,Tobacco use,0.14521258
China,1996,25-29 years,High BMI,0
China,1996,25-29 years,High alcohol use,0.00814535
China,1996,25-29 years,High fasting plasma glucose,0.033765251
China,1996,25-29 years,Low physical activity,0.010543143
China,1996,25-29 years,Tobacco use,0.138529961
China,1996,30-34 years,High BMI,0
China,1996,30-34 years,High alcohol use,0.011241971
China,1996,30-34 years,High fasting plasma glucose,0.042026674
China,1996,30-34 years,Low physical activity,0.010752824
China,1996,30-34 years,Tobacco use,0.139795939
China,1996,35-39 years,High BMI,0
China,1996,35-39 years,High alcohol use,0.014004855
China,1996,35-39 years,High fasting plasma glucose,0.051494799
China,1996,35-39 years,Low physical activity,0.010697308
China,1996,35-39 years,Tobacco use,0.140282238
China,1996,40-44 years,High BMI,0
China,1996,40-44 years,High alcohol use,0.016593884
China,1996,40-44 years,High fasting plasma glucose,0.060781141
China,1996,40-44 years,Low physical activity,0.010888057
China,1996,40-44 years,Tobacco use,0.142611427
China,1996,45-49 years,High BMI,0
China,1996,45-49 years,High alcohol use,0.015356308
China,1996,45-49 years,High fasting plasma glucose,0.068883098
China,1996,45-49 years,Low physical activity,0.011697323
China,1996,45-49 years,Tobacco use,0.144377244
China,1997,25-29 years,High BMI,0
China,1997,25-29 years,High alcohol use,0.007823017
China,1997,25-29 years,High fasting plasma glucose,0.032424877
China,1997,25-29 years,Low physical activity,0.010502079
China,1997,25-29 years,Tobacco use,0.137409493
China,1997,30-34 years,High BMI,0
China,1997,30-34 years,High alcohol use,0.010914929
China,1997,30-34 years,High fasting plasma glucose,0.04053187
China,1997,30-34 years,Low physical activity,0.010731125
China,1997,30-34 years,Tobacco use,0.138605362
China,1997,35-39 years,High BMI,0
China,1997,35-39 years,High alcohol use,0.013415552
China,1997,35-39 years,High fasting plasma glucose,0.050045083
China,1997,35-39 years,Low physical activity,0.0106899
China,1997,35-39 years,Tobacco use,0.139029708
China,1997,40-44 years,High BMI,0
China,1997,40-44 years,High alcohol use,0.015965944
China,1997,40-44 years,High fasting plasma glucose,0.059319822
China,1997,40-44 years,Low physical activity,0.010824749
China,1997,40-44 years,Tobacco use,0.141373438
China,1997,45-49 years,High BMI,0
China,1997,45-49 years,High alcohol use,0.014526656
China,1997,45-49 years,High fasting plasma glucose,0.067401426
China,1997,45-49 years,Low physical activity,0.01164855
China,1997,45-49 years,Tobacco use,0.142946849
China,1998,25-29 years,High BMI,0
China,1998,25-29 years,High alcohol use,0.007489414
China,1998,25-29 years,High fasting plasma glucose,0.03112575
China,1998,25-29 years,Low physical activity,0.010452949
China,1998,25-29 years,Tobacco use,0.135940648
China,1998,30-34 years,High BMI,0
China,1998,30-34 years,High alcohol use,0.010579764
China,1998,30-34 years,High fasting plasma glucose,0.039162561
China,1998,30-34 years,Low physical activity,0.010689987
China,1998,30-34 years,Tobacco use,0.137072694
China,1998,35-39 years,High BMI,0
China,1998,35-39 years,High alcohol use,0.012725455
China,1998,35-39 years,High fasting plasma glucose,0.048587934
China,1998,35-39 years,Low physical activity,0.01065883
China,1998,35-39 years,Tobacco use,0.137450566
China,1998,40-44 years,High BMI,0
China,1998,40-44 years,High alcohol use,0.015296503
China,1998,40-44 years,High fasting plasma glucose,0.057884847
China,1998,40-44 years,Low physical activity,0.010758996
China,1998,40-44 years,Tobacco use,0.139792257
China,1998,45-49 years,High BMI,0
China,1998,45-49 years,High alcohol use,0.013631107
China,1998,45-49 years,High fasting plasma glucose,0.065961344
China,1998,45-49 years,Low physical activity,0.011566253
China,1998,45-49 years,Tobacco use,0.141143529
China,1999,25-29 years,High BMI,0
China,1999,25-29 years,High alcohol use,0.007216449
China,1999,25-29 years,High fasting plasma glucose,0.029875106
China,1999,25-29 years,Low physical activity,0.010450669
China,1999,25-29 years,Tobacco use,0.134203162
China,1999,30-34 years,High BMI,0
China,1999,30-34 years,High alcohol use,0.010312818
China,1999,30-34 years,High fasting plasma glucose,0.037804607
China,1999,30-34 years,Low physical activity,0.010676946
China,1999,30-34 years,Tobacco use,0.135233154
China,1999,35-39 years,High BMI,0
China,1999,35-39 years,High alcohol use,0.012139768
China,1999,35-39 years,High fasting plasma glucose,0.047122726
China,1999,35-39 years,Low physical activity,0.010629796
China,1999,35-39 years,Tobacco use,0.135588355
China,1999,40-44 years,High BMI,0
China,1999,40-44 years,High alcohol use,0.014752011
China,1999,40-44 years,High fasting plasma glucose,0.056396136
China,1999,40-44 years,Low physical activity,0.010725724
China,1999,40-44 years,Tobacco use,0.13796909
China,1999,45-49 years,High BMI,0
China,1999,45-49 years,High alcohol use,0.012867846
China,1999,45-49 years,High fasting plasma glucose,0.064466273
China,1999,45-49 years,Low physical activity,0.011516806
China,1999,45-49 years,Tobacco use,0.139043995
China,2000,25-29 years,High BMI,0
China,2000,25-29 years,High alcohol use,0.007120979
China,2000,25-29 years,High fasting plasma glucose,0.028636487
China,2000,25-29 years,Low physical activity,0.010452954
China,2000,25-29 years,Tobacco use,0.132203181
China,2000,30-34 years,High BMI,0
China,2000,30-34 years,High alcohol use,0.010220577
China,2000,30-34 years,High fasting plasma glucose,0.036445437
China,2000,30-34 years,Low physical activity,0.010645425
China,2000,30-34 years,Tobacco use,0.133140785
China,2000,35-39 years,High BMI,0
China,2000,35-39 years,High alcohol use,0.011859764
China,2000,35-39 years,High fasting plasma glucose,0.045665799
China,2000,35-39 years,Low physical activity,0.010606058
China,2000,35-39 years,Tobacco use,0.133418932
China,2000,40-44 years,High BMI,0
China,2000,40-44 years,High alcohol use,0.014514268
China,2000,40-44 years,High fasting plasma glucose,0.054873807
China,2000,40-44 years,Low physical activity,0.01069308
China,2000,40-44 years,Tobacco use,0.135924965
China,2000,45-49 years,High BMI,0
China,2000,45-49 years,High alcohol use,0.012477545
China,2000,45-49 years,High fasting plasma glucose,0.062938271
China,2000,45-49 years,Low physical activity,0.011487986
China,2000,45-49 years,Tobacco use,0.13665602
China,2001,25-29 years,High BMI,0
China,2001,25-29 years,High alcohol use,0.00718601
China,2001,25-29 years,High fasting plasma glucose,0.027491465
China,2001,25-29 years,Low physical activity,0.01047865
China,2001,25-29 years,Tobacco use,0.130262755
China,2001,30-34 years,High BMI,0
China,2001,30-34 years,High alcohol use,0.010302201
China,2001,30-34 years,High fasting plasma glucose,0.035144745
China,2001,30-34 years,Low physical activity,0.01059331
China,2001,30-34 years,Tobacco use,0.131110547
China,2001,35-39 years,High BMI,0
China,2001,35-39 years,High alcohol use,0.011799652
China,2001,35-39 years,High fasting plasma glucose,0.044258355
China,2001,35-39 years,Low physical activity,0.01060821
China,2001,35-39 years,Tobacco use,0.131335823
China,2001,40-44 years,High BMI,0
China,2001,40-44 years,High alcohol use,0.014484977
China,2001,40-44 years,High fasting plasma glucose,0.0533624
China,2001,40-44 years,Low physical activity,0.010681516
China,2001,40-44 years,Tobacco use,0.133936291
China,2001,45-49 years,High BMI,0
China,2001,45-49 years,High alcohol use,0.012349552
China,2001,45-49 years,High fasting plasma glucose,0.061428181
China,2001,45-49 years,Low physical activity,0.011481386
China,2001,45-49 years,Tobacco use,0.134420554
China,2002,25-29 years,High BMI,0
China,2002,25-29 years,High alcohol use,0.007347575
China,2002,25-29 years,High fasting plasma glucose,0.02646155
China,2002,25-29 years,Low physical activity,0.010485606
China,2002,25-29 years,Tobacco use,0.128550076
China,2002,30-34 years,High BMI,0
China,2002,30-34 years,High alcohol use,0.01050788
China,2002,30-34 years,High fasting plasma glucose,0.033996762
China,2002,30-34 years,Low physical activity,0.010568711
China,2002,30-34 years,Tobacco use,0.129318668
China,2002,35-39 years,High BMI,0
China,2002,35-39 years,High alcohol use,0.011808148
China,2002,35-39 years,High fasting plasma glucose,0.042957978
China,2002,35-39 years,Low physical activity,0.010579728
China,2002,35-39 years,Tobacco use,0.12949251
China,2002,40-44 years,High BMI,0
China,2002,40-44 years,High alcohol use,0.014472747
China,2002,40-44 years,High fasting plasma glucose,0.051897174
China,2002,40-44 years,Low physical activity,0.010698105
China,2002,40-44 years,Tobacco use,0.132140542
China,2002,45-49 years,High BMI,0
China,2002,45-49 years,High alcohol use,0.012276585
China,2002,45-49 years,High fasting plasma glucose,0.060057902
China,2002,45-49 years,Low physical activity,0.011469441
China,2002,45-49 years,Tobacco use,0.132432854
China,2003,25-29 years,High BMI,0
China,2003,25-29 years,High alcohol use,0.007600624
China,2003,25-29 years,High fasting plasma glucose,0.025937784
China,2003,25-29 years,Low physical activity,0.010569454
China,2003,25-29 years,Tobacco use,0.127262637
China,2003,30-34 years,High BMI,0
China,2003,30-34 years,High alcohol use,0.010763335
China,2003,30-34 years,High fasting plasma glucose,0.033290354
China,2003,30-34 years,Low physical activity,0.010564365
China,2003,30-34 years,Tobacco use,0.128204143
China,2003,35-39 years,High BMI,0
China,2003,35-39 years,High alcohol use,0.011868169
China,2003,35-39 years,High fasting plasma glucose,0.042196965
China,2003,35-39 years,Low physical activity,0.010558532
China,2003,35-39 years,Tobacco use,0.128188456
China,2003,40-44 years,High BMI,0
China,2003,40-44 years,High alcohol use,0.014481572
China,2003,40-44 years,High fasting plasma glucose,0.050942274
China,2003,40-44 years,Low physical activity,0.010767766
China,2003,40-44 years,Tobacco use,0.130839419
China,2003,45-49 years,High BMI,0
China,2003,45-49 years,High alcohol use,0.012247181
China,2003,45-49 years,High fasting plasma glucose,0.059199406
China,2003,45-49 years,Low physical activity,0.011494958
China,2003,45-49 years,Tobacco use,0.131020325
China,2004,25-29 years,High BMI,0
China,2004,25-29 years,High alcohol use,0.007851224
China,2004,25-29 years,High fasting plasma glucose,0.025369404
China,2004,25-29 years,Low physical activity,0.01066706
China,2004,25-29 years,Tobacco use,0.126606218
China,2004,30-34 years,High BMI,0
China,2004,30-34 years,High alcohol use,0.011039299
China,2004,30-34 years,High fasting plasma glucose,0.032611599
China,2004,30-34 years,Low physical activity,0.010534125
China,2004,30-34 years,Tobacco use,0.127528804
China,2004,35-39 years,High BMI,0
China,2004,35-39 years,High alcohol use,0.011933488
China,2004,35-39 years,High fasting plasma glucose,0.041373934
China,2004,35-39 years,Low physical activity,0.010533486
China,2004,35-39 years,Tobacco use,0.127380585
China,2004,40-44 years,High BMI,0
China,2004,40-44 years,High alcohol use,0.014500998
China,2004,40-44 years,High fasting plasma glucose,0.049948531
China,2004,40-44 years,Low physical activity,0.010809577
China,2004,40-44 years,Tobacco use,0.130103627
China,2004,45-49 years,High BMI,0
China,2004,45-49 years,High alcohol use,0.012261668
China,2004,45-49 years,High fasting plasma glucose,0.058201699
China,2004,45-49 years,Low physical activity,0.011522388
China,2004,45-49 years,Tobacco use,0.130053889
China,2005,25-29 years,High BMI,0
China,2005,25-29 years,High alcohol use,0.00808006
China,2005,25-29 years,High fasting plasma glucose,0.024816516
China,2005,25-29 years,Low physical activity,0.010835186
China,2005,25-29 years,Tobacco use,0.12650232
China,2005,30-34 years,High BMI,0
China,2005,30-34 years,High alcohol use,0.011339335
China,2005,30-34 years,High fasting plasma glucose,0.031975636
China,2005,30-34 years,Low physical activity,0.010611777
China,2005,30-34 years,Tobacco use,0.127270912
China,2005,35-39 years,High BMI,0
China,2005,35-39 years,High alcohol use,0.012007637
China,2005,35-39 years,High fasting plasma glucose,0.040608484
China,2005,35-39 years,Low physical activity,0.01056616
China,2005,35-39 years,Tobacco use,0.127093168
China,2005,40-44 years,High BMI,0
China,2005,40-44 years,High alcohol use,0.014538908
China,2005,40-44 years,High fasting plasma glucose,0.048970528
China,2005,40-44 years,Low physical activity,0.010871348
China,2005,40-44 years,Tobacco use,0.129937045
China,2005,45-49 years,High BMI,0
China,2005,45-49 years,High alcohol use,0.012299665
China,2005,45-49 years,High fasting plasma glucose,0.057326647
China,2005,45-49 years,Low physical activity,0.011599891
China,2005,45-49 years,Tobacco use,0.12969795
China,2006,25-29 years,High BMI,0
China,2006,25-29 years,High alcohol use,0.00842841
China,2006,25-29 years,High fasting plasma glucose,0.024371741
China,2006,25-29 years,Low physical activity,0.010961864
China,2006,25-29 years,Tobacco use,0.126737827
China,2006,30-34 years,High BMI,0
China,2006,30-34 years,High alcohol use,0.011696091
China,2006,30-34 years,High fasting plasma glucose,0.031346203
China,2006,30-34 years,Low physical activity,0.010688286
China,2006,30-34 years,Tobacco use,0.127539266
China,2006,35-39 years,High BMI,0
China,2006,35-39 years,High alcohol use,0.012229997
China,2006,35-39 years,High fasting plasma glucose,0.039897919
China,2006,35-39 years,Low physical activity,0.010529506
China,2006,35-39 years,Tobacco use,0.127271887
China,2006,40-44 years,High BMI,0
China,2006,40-44 years,High alcohol use,0.014679585
China,2006,40-44 years,High fasting plasma glucose,0.048041616
China,2006,40-44 years,Low physical activity,0.010932264
China,2006,40-44 years,Tobacco use,0.130258902
China,2006,45-49 years,High BMI,0
China,2006,45-49 years,High alcohol use,0.012429922
China,2006,45-49 years,High fasting plasma glucose,0.056395629
China,2006,45-49 years,Low physical activity,0.011650003
China,2006,45-49 years,Tobacco use,0.129859524
China,2007,25-29 years,High BMI,0
China,2007,25-29 years,High alcohol use,0.008854658
China,2007,25-29 years,High fasting plasma glucose,0.023898084
China,2007,25-29 years,Low physical activity,0.011150491
China,2007,25-29 years,Tobacco use,0.127281677
China,2007,30-34 years,High BMI,0
China,2007,30-34 years,High alcohol use,0.01211487
China,2007,30-34 years,High fasting plasma glucose,0.030823707
China,2007,30-34 years,Low physical activity,0.010863305
China,2007,30-34 years,Tobacco use,0.128052112
China,2007,35-39 years,High BMI,0
China,2007,35-39 years,High alcohol use,0.012513911
China,2007,35-39 years,High fasting plasma glucose,0.03919296
China,2007,35-39 years,Low physical activity,0.010552701
China,2007,35-39 years,Tobacco use,0.127752721
China,2007,40-44 years,High BMI,0
China,2007,40-44 years,High alcohol use,0.014956724
China,2007,40-44 years,High fasting plasma glucose,0.047195183
China,2007,40-44 years,Low physical activity,0.011008302
China,2007,40-44 years,Tobacco use,0.130933411
China,2007,45-49 years,High BMI,0
China,2007,45-49 years,High alcohol use,0.012662802
China,2007,45-49 years,High fasting plasma glucose,0.055547753
China,2007,45-49 years,Low physical activity,0.011692009
China,2007,45-49 years,Tobacco use,0.130303805
China,2008,25-29 years,High BMI,0
China,2008,25-29 years,High alcohol use,0.009286544
China,2008,25-29 years,High fasting plasma glucose,0.023377115
China,2008,25-29 years,Low physical activity,0.011387901
China,2008,25-29 years,Tobacco use,0.127861406
China,2008,30-34 years,High BMI,0
China,2008,30-34 years,High alcohol use,0.012510177
China,2008,30-34 years,High fasting plasma glucose,0.030228211
China,2008,30-34 years,Low physical activity,0.011068747
China,2008,30-34 years,Tobacco use,0.128669371
China,2008,35-39 years,High BMI,0
China,2008,35-39 years,High alcohol use,0.012836427
China,2008,35-39 years,High fasting plasma glucose,0.038546712
China,2008,35-39 years,Low physical activity,0.010604176
China,2008,35-39 years,Tobacco use,0.128358303
China,2008,40-44 years,High BMI,0
China,2008,40-44 years,High alcohol use,0.015312686
China,2008,40-44 years,High fasting plasma glucose,0.046463655
China,2008,40-44 years,Low physical activity,0.011112659
China,2008,40-44 years,Tobacco use,0.131749581
China,2008,45-49 years,High BMI,0
China,2008,45-49 years,High alcohol use,0.012940621
China,2008,45-49 years,High fasting plasma glucose,0.054723556
China,2008,45-49 years,Low physical activity,0.011751509
China,2008,45-49 years,Tobacco use,0.130905652
China,2009,25-29 years,High BMI,0
China,2009,25-29 years,High alcohol use,0.009746467
China,2009,25-29 years,High fasting plasma glucose,0.022981627
China,2009,25-29 years,Low physical activity,0.011597986
China,2009,25-29 years,Tobacco use,0.128628129
China,2009,30-34 years,High BMI,0
China,2009,30-34 years,High alcohol use,0.012942906
China,2009,30-34 years,High fasting plasma glucose,0.029823136
China,2009,30-34 years,Low physical activity,0.011217745
China,2009,30-34 years,Tobacco use,0.129611295
China,2009,35-39 years,High BMI,0
China,2009,35-39 years,High alcohol use,0.013130659
China,2009,35-39 years,High fasting plasma glucose,0.037896024
China,2009,35-39 years,Low physical activity,0.010637308
China,2009,35-39 years,Tobacco use,0.129199683
China,2009,40-44 years,High BMI,0
China,2009,40-44 years,High alcohol use,0.015653469
China,2009,40-44 years,High fasting plasma glucose,0.045709299
China,2009,40-44 years,Low physical activity,0.01117469
China,2009,40-44 years,Tobacco use,0.132833794
China,2009,45-49 years,High BMI,0
China,2009,45-49 years,High alcohol use,0.013202638
China,2009,45-49 years,High fasting plasma glucose,0.053939545
China,2009,45-49 years,Low physical activity,0.011753167
China,2009,45-49 years,Tobacco use,0.131731405
China,2010,25-29 years,High BMI,0
China,2010,25-29 years,High alcohol use,0.010184134
China,2010,25-29 years,High fasting plasma glucose,0.022848882
China,2010,25-29 years,Low physical activity,0.011747556
China,2010,25-29 years,Tobacco use,0.129478379
China,2010,30-34 years,High BMI,0
China,2010,30-34 years,High alcohol use,0.01331315
China,2010,30-34 years,High fasting plasma glucose,0.029600978
China,2010,30-34 years,Low physical activity,0.011397475
China,2010,30-34 years,Tobacco use,0.130591659
China,2010,35-39 years,High BMI,0
China,2010,35-39 years,High alcohol use,0.013361842
China,2010,35-39 years,High fasting plasma glucose,0.037545924
China,2010,35-39 years,Low physical activity,0.010722944
China,2010,35-39 years,Tobacco use,0.130078604
China,2010,40-44 years,High BMI,0
China,2010,40-44 years,High alcohol use,0.01586942
China,2010,40-44 years,High fasting plasma glucose,0.045163714
China,2010,40-44 years,Low physical activity,0.011288664
China,2010,40-44 years,Tobacco use,0.133872936
China,2010,45-49 years,High BMI,0
China,2010,45-49 years,High alcohol use,0.013408332
China,2010,45-49 years,High fasting plasma glucose,0.05338105
China,2010,45-49 years,Low physical activity,0.01181228
China,2010,45-49 years,Tobacco use,0.1326165
China,2011,25-29 years,High BMI,0
China,2011,25-29 years,High alcohol use,0.010564681
China,2011,25-29 years,High fasting plasma glucose,0.02277653
China,2011,25-29 years,Low physical activity,0.011882217
China,2011,25-29 years,Tobacco use,0.130172563
China,2011,30-34 years,High BMI,0
China,2011,30-34 years,High alcohol use,0.013629297
China,2011,30-34 years,High fasting plasma glucose,0.02951959
China,2011,30-34 years,Low physical activity,0.011555872
China,2011,30-34 years,Tobacco use,0.131287794
China,2011,35-39 years,High BMI,0
China,2011,35-39 years,High alcohol use,0.013572243
China,2011,35-39 years,High fasting plasma glucose,0.037420697
China,2011,35-39 years,Low physical activity,0.01084688
China,2011,35-39 years,Tobacco use,0.130678318
China,2011,40-44 years,High BMI,0
China,2011,40-44 years,High alcohol use,0.016092975
China,2011,40-44 years,High fasting plasma glucose,0.044968127
China,2011,40-44 years,Low physical activity,0.011407718
China,2011,40-44 years,Tobacco use,0.134534625
China,2011,45-49 years,High BMI,0
China,2011,45-49 years,High alcohol use,0.013573459
China,2011,45-49 years,High fasting plasma glucose,0.053101456
China,2011,45-49 years,Low physical activity,0.011904371
China,2011,45-49 years,Tobacco use,0.133232468
China,2012,25-29 years,High BMI,0
China,2012,25-29 years,High alcohol use,0.010957607
China,2012,25-29 years,High fasting plasma glucose,0.022720416
China,2012,25-29 years,Low physical activity,0.011988601
China,2012,25-29 years,Tobacco use,0.130719234
China,2012,30-34 years,High BMI,0
China,2012,30-34 years,High alcohol use,0.013944584
China,2012,30-34 years,High fasting plasma glucose,0.029542359
China,2012,30-34 years,Low physical activity,0.011696655
China,2012,30-34 years,Tobacco use,0.131813551
China,2012,35-39 years,High BMI,0
China,2012,35-39 years,High alcohol use,0.013808352
China,2012,35-39 years,High fasting plasma glucose,0.037416518
China,2012,35-39 years,Low physical activity,0.010980937
China,2012,35-39 years,Tobacco use,0.131045091
China,2012,40-44 years,High BMI,0
China,2012,40-44 years,High alcohol use,0.016329416
China,2012,40-44 years,High fasting plasma glucose,0.044860082
China,2012,40-44 years,Low physical activity,0.011521322
China,2012,40-44 years,Tobacco use,0.13494841899999999
China,2012,45-49 years,High BMI,0
China,2012,45-49 years,High alcohol use,0.013736492
China,2012,45-49 years,High fasting plasma glucose,0.05291535
China,2012,45-49 years,Low physical activity,0.012013252
China,2012,45-49 years,Tobacco use,0.133687166
China,2013,25-29 years,High BMI,0
China,2013,25-29 years,High alcohol use,0.011355481
China,2013,25-29 years,High fasting plasma glucose,0.022772248
China,2013,25-29 years,Low physical activity,0.012091865
China,2013,25-29 years,Tobacco use,0.130876802
China,2013,30-34 years,High BMI,0
China,2013,30-34 years,High alcohol use,0.014233344
China,2013,30-34 years,High fasting plasma glucose,0.029559032
China,2013,30-34 years,Low physical activity,0.011834647
China,2013,30-34 years,Tobacco use,0.132006106
China,2013,35-39 years,High BMI,0
China,2013,35-39 years,High alcohol use,0.014072569
China,2013,35-39 years,High fasting plasma glucose,0.037442648
China,2013,35-39 years,Low physical activity,0.011060886
China,2013,35-39 years,Tobacco use,0.131193662
China,2013,40-44 years,High BMI,0
China,2013,40-44 years,High alcohol use,0.016520973
China,2013,40-44 years,High fasting plasma glucose,0.044691641
China,2013,40-44 years,Low physical activity,0.0116251
China,2013,40-44 years,Tobacco use,0.135065432
China,2013,45-49 years,High BMI,0
China,2013,45-49 years,High alcohol use,0.013925812
China,2013,45-49 years,High fasting plasma glucose,0.052834634
China,2013,45-49 years,Low physical activity,0.012086849
China,2013,45-49 years,Tobacco use,0.133953934
China,2014,25-29 years,High BMI,0
China,2014,25-29 years,High alcohol use,0.011668101
China,2014,25-29 years,High fasting plasma glucose,0.022847353
China,2014,25-29 years,Low physical activity,0.012164505
China,2014,25-29 years,Tobacco use,0.130728042
China,2014,30-34 years,High BMI,0
China,2014,30-34 years,High alcohol use,0.01445702
China,2014,30-34 years,High fasting plasma glucose,0.029642604
China,2014,30-34 years,Low physical activity,0.011981672
China,2014,30-34 years,Tobacco use,0.131850965
China,2014,35-39 years,High BMI,0
China,2014,35-39 years,High alcohol use,0.014307999
China,2014,35-39 years,High fasting plasma glucose,0.037503958
China,2014,35-39 years,Low physical activity,0.011124246
China,2014,35-39 years,Tobacco use,0.131115344
China,2014,40-44 years,High BMI,0
China,2014,40-44 years,High alcohol use,0.016647684
China,2014,40-44 years,High fasting plasma glucose,0.044541693
China,2014,40-44 years,Low physical activity,0.01176221
China,2014,40-44 years,Tobacco use,0.134867215
China,2014,45-49 years,High BMI,0
China,2014,45-49 years,High alcohol use,0.014084465
China,2014,45-49 years,High fasting plasma glucose,0.052742453
China,2014,45-49 years,Low physical activity,0.012180123
China,2014,45-49 years,Tobacco use,0.133948401
China,2015,25-29 years,High BMI,0
China,2015,25-29 years,High alcohol use,0.011819729
China,2015,25-29 years,High fasting plasma glucose,0.022898971
China,2015,25-29 years,Low physical activity,0.012212374
China,2015,25-29 years,Tobacco use,0.130377835
China,2015,30-34 years,High BMI,0
China,2015,30-34 years,High alcohol use,0.014557065
China,2015,30-34 years,High fasting plasma glucose,0.029697158
China,2015,30-34 years,Low physical activity,0.012101057
China,2015,30-34 years,Tobacco use,0.131454824
China,2015,35-39 years,High BMI,0
China,2015,35-39 years,High alcohol use,0.014444991
China,2015,35-39 years,High fasting plasma glucose,0.037599504
China,2015,35-39 years,Low physical activity,0.011230843
China,2015,35-39 years,Tobacco use,0.130746584
China,2015,40-44 years,High BMI,0
China,2015,40-44 years,High alcohol use,0.016739991
China,2015,40-44 years,High fasting plasma glucose,0.044553072
China,2015,40-44 years,Low physical activity,0.011900103
China,2015,40-44 years,Tobacco use,0.134407823
China,2015,45-49 years,High BMI,0
China,2015,45-49 years,High alcohol use,0.014175333
China,2015,45-49 years,High fasting plasma glucose,0.05273041
China,2015,45-49 years,Low physical activity,0.012293494
China,2015,45-49 years,Tobacco use,0.133606343
China,2016,25-29 years,High BMI,0
China,2016,25-29 years,High alcohol use,0.011879971
China,2016,25-29 years,High fasting plasma glucose,0.022901742
China,2016,25-29 years,Low physical activity,0.012219045
China,2016,25-29 years,Tobacco use,0.129812214
China,2016,30-34 years,High BMI,0
China,2016,30-34 years,High alcohol use,0.014523407
China,2016,30-34 years,High fasting plasma glucose,0.029683094
China,2016,30-34 years,Low physical activity,0.012218108
China,2016,30-34 years,Tobacco use,0.130837555
China,2016,35-39 years,High BMI,0
China,2016,35-39 years,High alcohol use,0.014469697
China,2016,35-39 years,High fasting plasma glucose,0.037622501
China,2016,35-39 years,Low physical activity,0.011321523
China,2016,35-39 years,Tobacco use,0.130175562
China,2016,40-44 years,High BMI,0
China,2016,40-44 years,High alcohol use,0.016708003
China,2016,40-44 years,High fasting plasma glucose,0.04448931
China,2016,40-44 years,Low physical activity,0.01203362
China,2016,40-44 years,Tobacco use,0.133729732
China,2016,45-49 years,High BMI,0
China,2016,45-49 years,High alcohol use,0.014196481
China,2016,45-49 years,High fasting plasma glucose,0.052658661
China,2016,45-49 years,Low physical activity,0.012379216
China,2016,45-49 years,Tobacco use,0.13302745
China,2017,25-29 years,High BMI,0
China,2017,25-29 years,High alcohol use,0.011899573
China,2017,25-29 years,High fasting plasma glucose,0.023021697
China,2017,25-29 years,Low physical activity,0.012261983
China,2017,25-29 years,Tobacco use,0.12910838
China,2017,30-34 years,High BMI,0
China,2017,30-34 years,High alcohol use,0.014397606
China,2017,30-34 years,High fasting plasma glucose,0.029800497
China,2017,30-34 years,Low physical activity,0.01234601
China,2017,30-34 years,Tobacco use,0.130068481
China,2017,35-39 years,High BMI,0
China,2017,35-39 years,High alcohol use,0.01441155
China,2017,35-39 years,High fasting plasma glucose,0.037736415
China,2017,35-39 years,Low physical activity,0.011424941
China,2017,35-39 years,Tobacco use,0.129549048
China,2017,40-44 years,High BMI,0
China,2017,40-44 years,High alcohol use,0.016536283
China,2017,40-44 years,High fasting plasma glucose,0.04455363
China,2017,40-44 years,Low physical activity,0.012199053
China,2017,40-44 years,Tobacco use,0.132876826
China,2017,45-49 years,High BMI,0
China,2017,45-49 years,High alcohol use,0.014135201
China,2017,45-49 years,High fasting plasma glucose,0.052667357
China,2017,45-49 years,Low physical activity,0.012495614
China,2017,45-49 years,Tobacco use,0.132315992
China,2018,25-29 years,High BMI,0
China,2018,25-29 years,High alcohol use,0.011941008
China,2018,25-29 years,High fasting plasma glucose,0.023172137
China,2018,25-29 years,Low physical activity,0.012282919
China,2018,25-29 years,Tobacco use,0.128414072
China,2018,30-34 years,High BMI,0
China,2018,30-34 years,High alcohol use,0.014267987
China,2018,30-34 years,High fasting plasma glucose,0.029991875
China,2018,30-34 years,Low physical activity,0.01246242
China,2018,30-34 years,Tobacco use,0.129340977
China,2018,35-39 years,High BMI,0
China,2018,35-39 years,High alcohol use,0.014309117
China,2018,35-39 years,High fasting plasma glucose,0.037923533
China,2018,35-39 years,Low physical activity,0.011561957
China,2018,35-39 years,Tobacco use,0.128868251
China,2018,40-44 years,High BMI,0
China,2018,40-44 years,High alcohol use,0.016322462
China,2018,40-44 years,High fasting plasma glucose,0.044703102
China,2018,40-44 years,Low physical activity,0.012357651
China,2018,40-44 years,Tobacco use,0.132044562
China,2018,45-49 years,High BMI,0
China,2018,45-49 years,High alcohol use,0.014042137
China,2018,45-49 years,High fasting plasma glucose,0.052750078
China,2018,45-49 years,Low physical activity,0.012649861
China,2018,45-49 years,Tobacco use,0.131566378
China,2019,25-29 years,High BMI,0
China,2019,25-29 years,High alcohol use,0.012001936
China,2019,25-29 years,High fasting plasma glucose,0.023379459
China,2019,25-29 years,Low physical activity,0.012294861
China,2019,25-29 years,Tobacco use,0.127874112
China,2019,30-34 years,High BMI,0
China,2019,30-34 years,High alcohol use,0.014164705
China,2019,30-34 years,High fasting plasma glucose,0.030249508
China,2019,30-34 years,Low physical activity,0.012536291
China,2019,30-34 years,Tobacco use,0.128763294
China,2019,35-39 years,High BMI,0
China,2019,35-39 years,High alcohol use,0.0142163
China,2019,35-39 years,High fasting plasma glucose,0.038192652
China,2019,35-39 years,Low physical activity,0.011677946
China,2019,35-39 years,Tobacco use,0.128344777
China,2019,40-44 years,High BMI,0
China,2019,40-44 years,High alcohol use,0.016129346
China,2019,40-44 years,High fasting plasma glucose,0.045060319
China,2019,40-44 years,Low physical activity,0.012470801
China,2019,40-44 years,Tobacco use,0.131379009
China,2019,45-49 years,High BMI,0
China,2019,45-49 years,High alcohol use,0.013964521
China,2019,45-49 years,High fasting plasma glucose,0.053008612
China,2019,45-49 years,Low physical activity,0.012786981
China,2019,45-49 years,Tobacco use,0.130941352
China,2020,25-29 years,High BMI,0
China,2020,25-29 years,High alcohol use,0.012101101
China,2020,25-29 years,High fasting plasma glucose,0.023673157
China,2020,25-29 years,Low physical activity,0.012287149
China,2020,25-29 years,Tobacco use,0.127479173
China,2020,30-34 years,High BMI,0
China,2020,30-34 years,High alcohol use,0.014132922
China,2020,30-34 years,High fasting plasma glucose,0.030584534
China,2020,30-34 years,Low physical activity,0.012563483
China,2020,30-34 years,Tobacco use,0.128331929
China,2020,35-39 years,High BMI,0
China,2020,35-39 years,High alcohol use,0.014180415
China,2020,35-39 years,High fasting plasma glucose,0.038599955
China,2020,35-39 years,Low physical activity,0.011767885
China,2020,35-39 years,Tobacco use,0.127935336
China,2020,40-44 years,High BMI,0
China,2020,40-44 years,High alcohol use,0.016031123
China,2020,40-44 years,High fasting plasma glucose,0.045535678
China,2020,40-44 years,Low physical activity,0.012543136
China,2020,40-44 years,Tobacco use,0.130894099
China,2020,45-49 years,High BMI,0
China,2020,45-49 years,High alcohol use,0.013955213
China,2020,45-49 years,High fasting plasma glucose,0.053412344
China,2020,45-49 years,Low physical activity,0.012921721
China,2020,45-49 years,Tobacco use,0.130444757
China,2021,25-29 years,High BMI,0
China,2021,25-29 years,High alcohol use,0.012290908
China,2021,25-29 years,High fasting plasma glucose,0.02403401
China,2021,25-29 years,Low physical activity,0.012341262
China,2021,25-29 years,Tobacco use,0.12713703
China,2021,30-34 years,High BMI,0
China,2021,30-34 years,High alcohol use,0.014197892
China,2021,30-34 years,High fasting plasma glucose,0.030976455
China,2021,30-34 years,Low physical activity,0.01255517
China,2021,30-34 years,Tobacco use,0.128006493
China,2021,35-39 years,High BMI,0
China,2021,35-39 years,High alcohol use,0.014238855
China,2021,35-39 years,High fasting plasma glucose,0.039077686
China,2021,35-39 years,Low physical activity,0.011842604
China,2021,35-39 years,Tobacco use,0.12757666
China,2021,40-44 years,High BMI,0
China,2021,40-44 years,High alcohol use,0.016037295
China,2021,40-44 years,High fasting plasma glucose,0.04604919
China,2021,40-44 years,Low physical activity,0.012604768
China,2021,40-44 years,Tobacco use,0.130510604
China,2021,45-49 years,High BMI,0
China,2021,45-49 years,High alcohol use,0.014088862
China,2021,45-49 years,High fasting plasma glucose,0.053926356
China,2021,45-49 years,Low physical activity,0.013048626
China,2021,45-49 years,Tobacco use,0.130036822
China,2022,25-29 years,High BMI,0
China,2022,25-29 years,High alcohol use,0.012518745
China,2022,25-29 years,High fasting plasma glucose,0.024452188
China,2022,25-29 years,Low physical activity,0.012396722
China,2022,25-29 years,Tobacco use,0.126823219
China,2022,30-34 years,High BMI,0
China,2022,30-34 years,High alcohol use,0.014321281
China,2022,30-34 years,High fasting plasma glucose,0.031378057
China,2022,30-34 years,Low physical activity,0.012546764
China,2022,30-34 years,Tobacco use,0.127711524
China,2022,35-39 years,High BMI,0
China,2022,35-39 years,High alcohol use,0.014359251
China,2022,35-39 years,High fasting plasma glucose,0.039623864
China,2022,35-39 years,Low physical activity,0.011912848
China,2022,35-39 years,Tobacco use,0.127297223
China,2022,40-44 years,High BMI,0
China,2022,40-44 years,High alcohol use,0.016078493
China,2022,40-44 years,High fasting plasma glucose,0.046700226
China,2022,40-44 years,Low physical activity,0.012640034
China,2022,40-44 years,Tobacco use,0.130224498
China,2022,45-49 years,High BMI,0
China,2022,45-49 years,High alcohol use,0.014258603
China,2022,45-49 years,High fasting plasma glucose,0.054578741
China,2022,45-49 years,Low physical activity,0.01318268
China,2022,45-49 years,Tobacco use,0.129732177
China,2023,25-29 years,High BMI,0
China,2023,25-29 years,High alcohol use,0.01278197
China,2023,25-29 years,High fasting plasma glucose,0.025011343
China,2023,25-29 years,Low physical activity,0.012452162
China,2023,25-29 years,Tobacco use,0.126562943
China,2023,30-34 years,High BMI,0
China,2023,30-34 years,High alcohol use,0.014492506
China,2023,30-34 years,High fasting plasma glucose,0.032046331
China,2023,30-34 years,Low physical activity,0.012391762
China,2023,30-34 years,Tobacco use,0.127430066
China,2023,35-39 years,High BMI,0
China,2023,35-39 years,High alcohol use,0.014568366
China,2023,35-39 years,High fasting plasma glucose,0.040487655
China,2023,35-39 years,Low physical activity,0.011994053
China,2023,35-39 years,Tobacco use,0.126968429
China,2023,40-44 years,High BMI,0
China,2023,40-44 years,High alcohol use,0.016239884
China,2023,40-44 years,High fasting plasma glucose,0.047710849
China,2023,40-44 years,Low physical activity,0.012682763
China,2023,40-44 years,Tobacco use,0.129928242
China,2023,45-49 years,High BMI,0
China,2023,45-49 years,High alcohol use,0.014464701
China,2023,45-49 years,High fasting plasma glucose,0.055625895
China,2023,45-49 years,Low physical activity,0.013235712
China,2023,45-49 years,Tobacco use,0.129561462
Global,1990,25-29 years,High BMI,-0.020094785
Global,1990,25-29 years,High alcohol use,0.028720935
Global,1990,25-29 years,High fasting plasma glucose,0.023437291
Global,1990,25-29 years,Low physical activity,0.009856262
Global,1990,25-29 years,Tobacco use,0.099621597
Global,1990,30-34 years,High BMI,-0.026756394
Global,1990,30-34 years,High alcohol use,0.036337348
Global,1990,30-34 years,High fasting plasma glucose,0.026609101
Global,1990,30-34 years,Low physical activity,0.010622934
Global,1990,30-34 years,Tobacco use,0.108559847
Global,1990,35-39 years,High BMI,-0.029723001
Global,1990,35-39 years,High alcohol use,0.043469572
Global,1990,35-39 years,High fasting plasma glucose,0.032716867
Global,1990,35-39 years,Low physical activity,0.011522181
Global,1990,35-39 years,Tobacco use,0.115824589
Global,1990,40-44 years,High BMI,-0.034044349
Global,1990,40-44 years,High alcohol use,0.050363319
Global,1990,40-44 years,High fasting plasma glucose,0.037423413
Global,1990,40-44 years,Low physical activity,0.013331815
Global,1990,40-44 years,Tobacco use,0.12323928
Global,1990,45-49 years,High BMI,-0.037191609
Global,1990,45-49 years,High alcohol use,0.0541643
Global,1990,45-49 years,High fasting plasma glucose,0.044228222
Global,1990,45-49 years,Low physical activity,0.015307781
Global,1990,45-49 years,Tobacco use,0.126950277
Global,1991,25-29 years,High BMI,-0.019742933
Global,1991,25-29 years,High alcohol use,0.027437027
Global,1991,25-29 years,High fasting plasma glucose,0.02370252
Global,1991,25-29 years,Low physical activity,0.009792361
Global,1991,25-29 years,Tobacco use,0.100702019
Global,1991,30-34 years,High BMI,-0.026962506
Global,1991,30-34 years,High alcohol use,0.035673532
Global,1991,30-34 years,High fasting plasma glucose,0.02655993
Global,1991,30-34 years,Low physical activity,0.010539347
Global,1991,30-34 years,Tobacco use,0.10804923
Global,1991,35-39 years,High BMI,-0.029724676
Global,1991,35-39 years,High alcohol use,0.042411518
Global,1991,35-39 years,High fasting plasma glucose,0.032936243
Global,1991,35-39 years,Low physical activity,0.011419777
Global,1991,35-39 years,Tobacco use,0.115692217
Global,1991,40-44 years,High BMI,-0.034108511
Global,1991,40-44 years,High alcohol use,0.049504647
Global,1991,40-44 years,High fasting plasma glucose,0.03774687
Global,1991,40-44 years,Low physical activity,0.013227231
Global,1991,40-44 years,Tobacco use,0.122840105
Global,1991,45-49 years,High BMI,-0.037044017
Global,1991,45-49 years,High alcohol use,0.052867155
Global,1991,45-49 years,High fasting plasma glucose,0.044790199
Global,1991,45-49 years,Low physical activity,0.01527107
Global,1991,45-49 years,Tobacco use,0.1265336
Global,1992,25-29 years,High BMI,-0.019527295
Global,1992,25-29 years,High alcohol use,0.026606489
Global,1992,25-29 years,High fasting plasma glucose,0.023918911
Global,1992,25-29 years,Low physical activity,0.00972959
Global,1992,25-29 years,Tobacco use,0.101482585
Global,1992,30-34 years,High BMI,-0.026963264
Global,1992,30-34 years,High alcohol use,0.035165852
Global,1992,30-34 years,High fasting plasma glucose,0.026693227
Global,1992,30-34 years,Low physical activity,0.010502079
Global,1992,30-34 years,Tobacco use,0.107878755
Global,1992,35-39 years,High BMI,-0.02994413
Global,1992,35-39 years,High alcohol use,0.041958408
Global,1992,35-39 years,High fasting plasma glucose,0.0330285
Global,1992,35-39 years,Low physical activity,0.011341149
Global,1992,35-39 years,Tobacco use,0.11550666
Global,1992,40-44 years,High BMI,-0.034101692
Global,1992,40-44 years,High alcohol use,0.048521141
Global,1992,40-44 years,High fasting plasma glucose,0.03816577
Global,1992,40-44 years,Low physical activity,0.013100853
Global,1992,40-44 years,Tobacco use,0.122539016
Global,1992,45-49 years,High BMI,-0.037266294
Global,1992,45-49 years,High alcohol use,0.052565067
Global,1992,45-49 years,High fasting plasma glucose,0.045221152
Global,1992,45-49 years,Low physical activity,0.015236722
Global,1992,45-49 years,Tobacco use,0.126422721
Global,1993,25-29 years,High BMI,-0.019590428
Global,1993,25-29 years,High alcohol use,0.025944048
Global,1993,25-29 years,High fasting plasma glucose,0.023895276
Global,1993,25-29 years,Low physical activity,0.009669921
Global,1993,25-29 years,Tobacco use,0.10165169
Global,1993,30-34 years,High BMI,-0.026782788
Global,1993,30-34 years,High alcohol use,0.034278826
Global,1993,30-34 years,High fasting plasma glucose,0.026916839
Global,1993,30-34 years,Low physical activity,0.01047654
Global,1993,30-34 years,Tobacco use,0.107787992
Global,1993,35-39 years,High BMI,-0.030481372
Global,1993,35-39 years,High alcohol use,0.041679202
Global,1993,35-39 years,High fasting plasma glucose,0.032891015
Global,1993,35-39 years,Low physical activity,0.011293712
Global,1993,35-39 years,Tobacco use,0.114862898
Global,1993,40-44 years,High BMI,-0.034171115
Global,1993,40-44 years,High alcohol use,0.047595197
Global,1993,40-44 years,High fasting plasma glucose,0.038527899
Global,1993,40-44 years,Low physical activity,0.012991884
Global,1993,40-44 years,Tobacco use,0.122186823
Global,1993,45-49 years,High BMI,-0.037790319
Global,1993,45-49 years,High alcohol use,0.0525518
Global,1993,45-49 years,High fasting plasma glucose,0.045451699
Global,1993,45-49 years,Low physical activity,0.015184831
Global,1993,45-49 years,Tobacco use,0.126088104
Global,1994,25-29 years,High BMI,-0.01975208
Global,1994,25-29 years,High alcohol use,0.025551661
Global,1994,25-29 years,High fasting plasma glucose,0.023781265
Global,1994,25-29 years,Low physical activity,0.00960711
Global,1994,25-29 years,Tobacco use,0.101436329
Global,1994,30-34 years,High BMI,-0.026507223
Global,1994,30-34 years,High alcohol use,0.033379004
Global,1994,30-34 years,High fasting plasma glucose,0.027169122
Global,1994,30-34 years,Low physical activity,0.010445648
Global,1994,30-34 years,Tobacco use,0.107622985
Global,1994,35-39 years,High BMI,-0.031040726
Global,1994,35-39 years,High alcohol use,0.041672796
Global,1994,35-39 years,High fasting plasma glucose,0.032616041
Global,1994,35-39 years,Low physical activity,0.011241461
Global,1994,35-39 years,Tobacco use,0.113998707
Global,1994,40-44 years,High BMI,-0.034230269
Global,1994,40-44 years,High alcohol use,0.046670199
Global,1994,40-44 years,High fasting plasma glucose,0.038685167
Global,1994,40-44 years,Low physical activity,0.012889165
Global,1994,40-44 years,Tobacco use,0.121602639
Global,1994,45-49 years,High BMI,-0.038000981
Global,1994,45-49 years,High alcohol use,0.052056515
Global,1994,45-49 years,High fasting plasma glucose,0.045811919
Global,1994,45-49 years,Low physical activity,0.01505812
Global,1994,45-49 years,Tobacco use,0.125875745
Global,1995,25-29 years,High BMI,-0.019888199
Global,1995,25-29 years,High alcohol use,0.025341854
Global,1995,25-29 years,High fasting plasma glucose,0.023309299
Global,1995,25-29 years,Low physical activity,0.00955535
Global,1995,25-29 years,Tobacco use,0.101090487
Global,1995,30-34 years,High BMI,-0.026108184
Global,1995,30-34 years,High alcohol use,0.032372948
Global,1995,30-34 years,High fasting plasma glucose,0.027193445
Global,1995,30-34 years,Low physical activity,0.010434627
Global,1995,30-34 years,Tobacco use,0.107662101
Global,1995,35-39 years,High BMI,-0.031518986
Global,1995,35-39 years,High alcohol use,0.041470182
Global,1995,35-39 years,High fasting plasma glucose,0.032199539
Global,1995,35-39 years,Low physical activity,0.011192536
Global,1995,35-39 years,Tobacco use,0.113106844
Global,1995,40-44 years,High BMI,-0.033953115
Global,1995,40-44 years,High alcohol use,0.045527598
Global,1995,40-44 years,High fasting plasma glucose,0.038799982
Global,1995,40-44 years,Low physical activity,0.012802154
Global,1995,40-44 years,Tobacco use,0.121204611
Global,1995,45-49 years,High BMI,-0.038347442
Global,1995,45-49 years,High alcohol use,0.051875163
Global,1995,45-49 years,High fasting plasma glucose,0.045726969
Global,1995,45-49 years,Low physical activity,0.014968584
Global,1995,45-49 years,Tobacco use,0.125362705
Global,1996,25-29 years,High BMI,-0.020210984
Global,1996,25-29 years,High alcohol use,0.024884171
Global,1996,25-29 years,High fasting plasma glucose,0.02279275
Global,1996,25-29 years,Low physical activity,0.009492952
Global,1996,25-29 years,Tobacco use,0.100417356
Global,1996,30-34 years,High BMI,-0.02580441
Global,1996,30-34 years,High alcohol use,0.031189597
Global,1996,30-34 years,High fasting plasma glucose,0.027162552
Global,1996,30-34 years,Low physical activity,0.010407078
Global,1996,30-34 years,Tobacco use,0.107367363
Global,1996,35-39 years,High BMI,-0.031689682
Global,1996,35-39 years,High alcohol use,0.040685453
Global,1996,35-39 years,High fasting plasma glucose,0.031982364
Global,1996,35-39 years,Low physical activity,0.011170979
Global,1996,35-39 years,Tobacco use,0.112100443
Global,1996,40-44 years,High BMI,-0.033923197
Global,1996,40-44 years,High alcohol use,0.044435925
Global,1996,40-44 years,High fasting plasma glucose,0.038771523
Global,1996,40-44 years,Low physical activity,0.012736982
Global,1996,40-44 years,Tobacco use,0.120478505
Global,1996,45-49 years,High BMI,-0.038195411
Global,1996,45-49 years,High alcohol use,0.050749354000000003
Global,1996,45-49 years,High fasting plasma glucose,0.045834495
Global,1996,45-49 years,Low physical activity,0.014840324
Global,1996,45-49 years,Tobacco use,0.12469658
Global,1997,25-29 years,High BMI,-0.020532374
Global,1997,25-29 years,High alcohol use,0.02427559
Global,1997,25-29 years,High fasting plasma glucose,0.02227461
Global,1997,25-29 years,Low physical activity,0.009429011
Global,1997,25-29 years,Tobacco use,0.0994583
Global,1997,30-34 years,High BMI,-0.025549979
Global,1997,30-34 years,High alcohol use,0.029905933
Global,1997,30-34 years,High fasting plasma glucose,0.026961615
Global,1997,30-34 years,Low physical activity,0.01037082
Global,1997,30-34 years,Tobacco use,0.106509803
Global,1997,35-39 years,High BMI,-0.031562902
Global,1997,35-39 years,High alcohol use,0.039491624
Global,1997,35-39 years,High fasting plasma glucose,0.031929591
Global,1997,35-39 years,Low physical activity,0.011134493
Global,1997,35-39 years,Tobacco use,0.111114034
Global,1997,40-44 years,High BMI,-0.033948705
Global,1997,40-44 years,High alcohol use,0.043539152
Global,1997,40-44 years,High fasting plasma glucose,0.038652713
Global,1997,40-44 years,Low physical activity,0.012674475
Global,1997,40-44 years,Tobacco use,0.119620327
Global,1997,45-49 years,High BMI,-0.037760174
Global,1997,45-49 years,High alcohol use,0.048930996
Global,1997,45-49 years,High fasting plasma glucose,0.046037263
Global,1997,45-49 years,Low physical activity,0.014723735
Global,1997,45-49 years,Tobacco use,0.12389529
Global,1998,25-29 years,High BMI,-0.020799782
Global,1998,25-29 years,High alcohol use,0.02331429
Global,1998,25-29 years,High fasting plasma glucose,0.021842944
Global,1998,25-29 years,Low physical activity,0.00934685
Global,1998,25-29 years,Tobacco use,0.098458756
Global,1998,30-34 years,High BMI,-0.025578935
Global,1998,30-34 years,High alcohol use,0.028865194
Global,1998,30-34 years,High fasting plasma glucose,0.026702006
Global,1998,30-34 years,Low physical activity,0.010315154
Global,1998,30-34 years,Tobacco use,0.105290224
Global,1998,35-39 years,High BMI,-0.031282614
Global,1998,35-39 years,High alcohol use,0.038167408
Global,1998,35-39 years,High fasting plasma glucose,0.032044951
Global,1998,35-39 years,Low physical activity,0.011066918
Global,1998,35-39 years,Tobacco use,0.110225146
Global,1998,40-44 years,High BMI,-0.034328077
Global,1998,40-44 years,High alcohol use,0.042965976
Global,1998,40-44 years,High fasting plasma glucose,0.038396396
Global,1998,40-44 years,Low physical activity,0.012635386
Global,1998,40-44 years,Tobacco use,0.118410756
Global,1998,45-49 years,High BMI,-0.03745142
Global,1998,45-49 years,High alcohol use,0.047446703
Global,1998,45-49 years,High fasting plasma glucose,0.046156213
Global,1998,45-49 years,Low physical activity,0.01460042
Global,1998,45-49 years,Tobacco use,0.12303652
Global,1999,25-29 years,High BMI,-0.021301073
Global,1999,25-29 years,High alcohol use,0.022775982
Global,1999,25-29 years,High fasting plasma glucose,0.021325528
Global,1999,25-29 years,Low physical activity,0.009266872
Global,1999,25-29 years,Tobacco use,0.097101612
Global,1999,30-34 years,High BMI,-0.025762126
Global,1999,30-34 years,High alcohol use,0.02803996
Global,1999,30-34 years,High fasting plasma glucose,0.02633798
Global,1999,30-34 years,Low physical activity,0.010243217
Global,1999,30-34 years,Tobacco use,0.103746284
Global,1999,35-39 years,High BMI,-0.030902756
Global,1999,35-39 years,High alcohol use,0.036989029
Global,1999,35-39 years,High fasting plasma glucose,0.032133239
Global,1999,35-39 years,Low physical activity,0.011024231
Global,1999,35-39 years,Tobacco use,0.109241824
Global,1999,40-44 years,High BMI,-0.03487189
Global,1999,40-44 years,High alcohol use,0.042702551
Global,1999,40-44 years,High fasting plasma glucose,0.038033118
Global,1999,40-44 years,Low physical activity,0.012612548
Global,1999,40-44 years,Tobacco use,0.117067537
Global,1999,45-49 years,High BMI,-0.037529834
Global,1999,45-49 years,High alcohol use,0.046461149
Global,1999,45-49 years,High fasting plasma glucose,0.046159928
Global,1999,45-49 years,Low physical activity,0.014498997
Global,1999,45-49 years,Tobacco use,0.121994908
Global,2000,25-29 years,High BMI,-0.021791267
Global,2000,25-29 years,High alcohol use,0.02234777
Global,2000,25-29 years,High fasting plasma glucose,0.020885478
Global,2000,25-29 years,Low physical activity,0.009239731
Global,2000,25-29 years,Tobacco use,0.095688107
Global,2000,30-34 years,High BMI,-0.026106776
Global,2000,30-34 years,High alcohol use,0.027537169
Global,2000,30-34 years,High fasting plasma glucose,0.025928338
Global,2000,30-34 years,Low physical activity,0.010173103
Global,2000,30-34 years,Tobacco use,0.102044071
Global,2000,35-39 years,High BMI,-0.030573474
Global,2000,35-39 years,High alcohol use,0.035891858
Global,2000,35-39 years,High fasting plasma glucose,0.032146012
Global,2000,35-39 years,Low physical activity,0.01100605
Global,2000,35-39 years,Tobacco use,0.108061858
Global,2000,40-44 years,High BMI,-0.035390473
Global,2000,40-44 years,High alcohol use,0.042395989
Global,2000,40-44 years,High fasting plasma glucose,0.037712601
Global,2000,40-44 years,Low physical activity,0.012578266
Global,2000,40-44 years,Tobacco use,0.1154958
Global,2000,45-49 years,High BMI,-0.037301055
Global,2000,45-49 years,High alcohol use,0.045363449
Global,2000,45-49 years,High fasting plasma glucose,0.046189357
Global,2000,45-49 years,Low physical activity,0.014415712
Global,2000,45-49 years,Tobacco use,0.120861862
Global,2001,25-29 years,High BMI,-0.022557927
Global,2001,25-29 years,High alcohol use,0.0224467
Global,2001,25-29 years,High fasting plasma glucose,0.020509918
Global,2001,25-29 years,Low physical activity,0.009217407
Global,2001,25-29 years,Tobacco use,0.094214461
Global,2001,30-34 years,High BMI,-0.026611519
Global,2001,30-34 years,High alcohol use,0.027276847
Global,2001,30-34 years,High fasting plasma glucose,0.025602115
Global,2001,30-34 years,Low physical activity,0.010133764
Global,2001,30-34 years,Tobacco use,0.100376598
Global,2001,35-39 years,High BMI,-0.030543749
Global,2001,35-39 years,High alcohol use,0.03492773
Global,2001,35-39 years,High fasting plasma glucose,0.032176651
Global,2001,35-39 years,Low physical activity,0.011003035
Global,2001,35-39 years,Tobacco use,0.106699079
Global,2001,40-44 years,High BMI,-0.035819086
Global,2001,40-44 years,High alcohol use,0.042121374
Global,2001,40-44 years,High fasting plasma glucose,0.037630448
Global,2001,40-44 years,Low physical activity,0.01255483
Global,2001,40-44 years,Tobacco use,0.113970494
Global,2001,45-49 years,High BMI,-0.0373949
Global,2001,45-49 years,High alcohol use,0.044869325
Global,2001,45-49 years,High fasting plasma glucose,0.046207694
Global,2001,45-49 years,Low physical activity,0.014369722
Global,2001,45-49 years,Tobacco use,0.119601139
Global,2002,25-29 years,High BMI,-0.023641456
Global,2002,25-29 years,High alcohol use,0.022627691
Global,2002,25-29 years,High fasting plasma glucose,0.020219616
Global,2002,25-29 years,Low physical activity,0.009195369
Global,2002,25-29 years,Tobacco use,0.092374402
Global,2002,30-34 years,High BMI,-0.027478487
Global,2002,30-34 years,High alcohol use,0.027190022
Global,2002,30-34 years,High fasting plasma glucose,0.025374545
Global,2002,30-34 years,Low physical activity,0.010132261
Global,2002,30-34 years,Tobacco use,0.098587074
Global,2002,35-39 years,High BMI,-0.030825696
Global,2002,35-39 years,High alcohol use,0.034403261
Global,2002,35-39 years,High fasting plasma glucose,0.032126092
Global,2002,35-39 years,Low physical activity,0.01102245
Global,2002,35-39 years,Tobacco use,0.105133932
Global,2002,40-44 years,High BMI,-0.036224157
Global,2002,40-44 years,High alcohol use,0.041812713
Global,2002,40-44 years,High fasting plasma glucose,0.037647909
Global,2002,40-44 years,Low physical activity,0.012545507
Global,2002,40-44 years,Tobacco use,0.112507765
Global,2002,45-49 years,High BMI,-0.037929634
Global,2002,45-49 years,High alcohol use,0.044872422
Global,2002,45-49 years,High fasting plasma glucose,0.04611818
Global,2002,45-49 years,Low physical activity,0.014372207
Global,2002,45-49 years,Tobacco use,0.118311429
Global,2003,25-29 years,High BMI,-0.02478697
Global,2003,25-29 years,High alcohol use,0.022834538
Global,2003,25-29 years,High fasting plasma glucose,0.02015925
Global,2003,25-29 years,Low physical activity,0.009212671
Global,2003,25-29 years,Tobacco use,0.090711414
Global,2003,30-34 years,High BMI,-0.028424626
Global,2003,30-34 years,High alcohol use,0.027330265
Global,2003,30-34 years,High fasting plasma glucose,0.025246362
Global,2003,30-34 years,Low physical activity,0.010155007
Global,2003,30-34 years,Tobacco use,0.097101233
Global,2003,35-39 years,High BMI,-0.031121595
Global,2003,35-39 years,High alcohol use,0.033779814
Global,2003,35-39 years,High fasting plasma glucose,0.032158668
Global,2003,35-39 years,Low physical activity,0.011029343
Global,2003,35-39 years,Tobacco use,0.103639694
Global,2003,40-44 years,High BMI,-0.036236116
Global,2003,40-44 years,High alcohol use,0.041405305
Global,2003,40-44 years,High fasting plasma glucose,0.037909158
Global,2003,40-44 years,Low physical activity,0.012602438
Global,2003,40-44 years,Tobacco use,0.111437125
Global,2003,45-49 years,High BMI,-0.038594559
Global,2003,45-49 years,High alcohol use,0.045160321
Global,2003,45-49 years,High fasting plasma glucose,0.046097751
Global,2003,45-49 years,Low physical activity,0.01445019
Global,2003,45-49 years,Tobacco use,0.117145032
Global,2004,25-29 years,High BMI,-0.025884983
Global,2004,25-29 years,High alcohol use,0.023101979
Global,2004,25-29 years,High fasting plasma glucose,0.020138444
Global,2004,25-29 years,Low physical activity,0.009245901
Global,2004,25-29 years,Tobacco use,0.089206165
Global,2004,30-34 years,High BMI,-0.02924304
Global,2004,30-34 years,High alcohol use,0.027252229
Global,2004,30-34 years,High fasting plasma glucose,0.025177179
Global,2004,30-34 years,Low physical activity,0.01019878
Global,2004,30-34 years,Tobacco use,0.095825564
Global,2004,35-39 years,High BMI,-0.031544357
Global,2004,35-39 years,High alcohol use,0.033180815
Global,2004,35-39 years,High fasting plasma glucose,0.032140231
Global,2004,35-39 years,Low physical activity,0.011048488
Global,2004,35-39 years,Tobacco use,0.10216205
Global,2004,40-44 years,High BMI,-0.035958622
Global,2004,40-44 years,High alcohol use,0.040501059
Global,2004,40-44 years,High fasting plasma glucose,0.038174395
Global,2004,40-44 years,Low physical activity,0.012651844
Global,2004,40-44 years,Tobacco use,0.110486284
Global,2004,45-49 years,High BMI,-0.039122187
Global,2004,45-49 years,High alcohol use,0.045087814
Global,2004,45-49 years,High fasting plasma glucose,0.04605619
Global,2004,45-49 years,Low physical activity,0.014615992
Global,2004,45-49 years,Tobacco use,0.116014991
Global,2005,25-29 years,High BMI,-0.026891423
Global,2005,25-29 years,High alcohol use,0.02316891
Global,2005,25-29 years,High fasting plasma glucose,0.020226382
Global,2005,25-29 years,Low physical activity,0.009318054
Global,2005,25-29 years,Tobacco use,0.08798279
Global,2005,30-34 years,High BMI,-0.03000278
Global,2005,30-34 years,High alcohol use,0.026761669
Global,2005,30-34 years,High fasting plasma glucose,0.025256372
Global,2005,30-34 years,Low physical activity,0.010249661
Global,2005,30-34 years,Tobacco use,0.094490249
Global,2005,35-39 years,High BMI,-0.032212282
Global,2005,35-39 years,High alcohol use,0.03274129
Global,2005,35-39 years,High fasting plasma glucose,0.032205808
Global,2005,35-39 years,Low physical activity,0.011136955
Global,2005,35-39 years,Tobacco use,0.100690329
Global,2005,40-44 years,High BMI,-0.035892705
Global,2005,40-44 years,High alcohol use,0.039583141
Global,2005,40-44 years,High fasting plasma glucose,0.03847235
Global,2005,40-44 years,Low physical activity,0.012748584
Global,2005,40-44 years,Tobacco use,0.109408345
Global,2005,45-49 years,High BMI,-0.039770068
Global,2005,45-49 years,High alcohol use,0.044885235
Global,2005,45-49 years,High fasting plasma glucose,0.04617081
Global,2005,45-49 years,Low physical activity,0.014710902999999999
Global,2005,45-49 years,Tobacco use,0.114723292
Global,2006,25-29 years,High BMI,-0.027634686
Global,2006,25-29 years,High alcohol use,0.023073933
Global,2006,25-29 years,High fasting plasma glucose,0.020318561
Global,2006,25-29 years,Low physical activity,0.00933922
Global,2006,25-29 years,Tobacco use,0.086849941
Global,2006,30-34 years,High BMI,-0.030876654
Global,2006,30-34 years,High alcohol use,0.026517093
Global,2006,30-34 years,High fasting plasma glucose,0.025304842
Global,2006,30-34 years,Low physical activity,0.010285012
Global,2006,30-34 years,Tobacco use,0.093084424
Global,2006,35-39 years,High BMI,-0.03295338
Global,2006,35-39 years,High alcohol use,0.032375335
Global,2006,35-39 years,High fasting plasma glucose,0.032230973
Global,2006,35-39 years,Low physical activity,0.011206643
Global,2006,35-39 years,Tobacco use,0.099137749
Global,2006,40-44 years,High BMI,-0.035867327
Global,2006,40-44 years,High alcohol use,0.038216437
Global,2006,40-44 years,High fasting plasma glucose,0.038682272
Global,2006,40-44 years,Low physical activity,0.012829367
Global,2006,40-44 years,Tobacco use,0.108140751
Global,2006,45-49 years,High BMI,-0.039896257
Global,2006,45-49 years,High alcohol use,0.043879091
Global,2006,45-49 years,High fasting plasma glucose,0.046323146
Global,2006,45-49 years,Low physical activity,0.014837787
Global,2006,45-49 years,Tobacco use,0.113434972
Global,2007,25-29 years,High BMI,-0.028397715
Global,2007,25-29 years,High alcohol use,0.022860056
Global,2007,25-29 years,High fasting plasma glucose,0.020511248
Global,2007,25-29 years,Low physical activity,0.009372862
Global,2007,25-29 years,Tobacco use,0.085742309
Global,2007,30-34 years,High BMI,-0.031687033
Global,2007,30-34 years,High alcohol use,0.026142016
Global,2007,30-34 years,High fasting plasma glucose,0.025400639
Global,2007,30-34 years,Low physical activity,0.010335228
Global,2007,30-34 years,Tobacco use,0.091729123
Global,2007,35-39 years,High BMI,-0.033549219
Global,2007,35-39 years,High alcohol use,0.031665327
Global,2007,35-39 years,High fasting plasma glucose,0.032338277
Global,2007,35-39 years,Low physical activity,0.01125782
Global,2007,35-39 years,Tobacco use,0.097695762
Global,2007,40-44 years,High BMI,-0.035843024
Global,2007,40-44 years,High alcohol use,0.037017199
Global,2007,40-44 years,High fasting plasma glucose,0.038881711
Global,2007,40-44 years,Low physical activity,0.012917111
Global,2007,40-44 years,Tobacco use,0.106951612
Global,2007,45-49 years,High BMI,-0.039825936
Global,2007,45-49 years,High alcohol use,0.042792087
Global,2007,45-49 years,High fasting plasma glucose,0.046526867
Global,2007,45-49 years,Low physical activity,0.014945222
Global,2007,45-49 years,Tobacco use,0.112345843
Global,2008,25-29 years,High BMI,-0.029400309
Global,2008,25-29 years,High alcohol use,0.022881197
Global,2008,25-29 years,High fasting plasma glucose,0.020672589
Global,2008,25-29 years,Low physical activity,0.009417977
Global,2008,25-29 years,Tobacco use,0.084364152
Global,2008,30-34 years,High BMI,-0.032652977
Global,2008,30-34 years,High alcohol use,0.026031284
Global,2008,30-34 years,High fasting plasma glucose,0.025492091
Global,2008,30-34 years,Low physical activity,0.010358526
Global,2008,30-34 years,Tobacco use,0.090215861
Global,2008,35-39 years,High BMI,-0.0341974
Global,2008,35-39 years,High alcohol use,0.031168066
Global,2008,35-39 years,High fasting plasma glucose,0.032428573
Global,2008,35-39 years,Low physical activity,0.01130732
Global,2008,35-39 years,Tobacco use,0.09622061
Global,2008,40-44 years,High BMI,-0.036060203
Global,2008,40-44 years,High alcohol use,0.036296079
Global,2008,40-44 years,High fasting plasma glucose,0.039005978
Global,2008,40-44 years,Low physical activity,0.013000294
Global,2008,40-44 years,Tobacco use,0.105708541
Global,2008,45-49 years,High BMI,-0.039722859
Global,2008,45-49 years,High alcohol use,0.041910062
Global,2008,45-49 years,High fasting plasma glucose,0.046698115
Global,2008,45-49 years,Low physical activity,0.01503477
Global,2008,45-49 years,Tobacco use,0.11128852
Global,2009,25-29 years,High BMI,-0.030347859
Global,2009,25-29 years,High alcohol use,0.022701436
Global,2009,25-29 years,High fasting plasma glucose,0.020878295
Global,2009,25-29 years,Low physical activity,0.009490086
Global,2009,25-29 years,Tobacco use,0.083134463
Global,2009,30-34 years,High BMI,-0.033734007
Global,2009,30-34 years,High alcohol use,0.025824026
Global,2009,30-34 years,High fasting plasma glucose,0.02565917
Global,2009,30-34 years,Low physical activity,0.010424573
Global,2009,30-34 years,Tobacco use,0.088627954
Global,2009,35-39 years,High BMI,-0.035031593
Global,2009,35-39 years,High alcohol use,0.030692113
Global,2009,35-39 years,High fasting plasma glucose,0.03254258
Global,2009,35-39 years,Low physical activity,0.011399668
Global,2009,35-39 years,Tobacco use,0.094639278
Global,2009,40-44 years,High BMI,-0.036368229
Global,2009,40-44 years,High alcohol use,0.035395346
Global,2009,40-44 years,High fasting plasma glucose,0.039152028
Global,2009,40-44 years,Low physical activity,0.013082304
Global,2009,40-44 years,Tobacco use,0.104300031
Global,2009,45-49 years,High BMI,-0.039459467
Global,2009,45-49 years,High alcohol use,0.040740655
Global,2009,45-49 years,High fasting plasma glucose,0.046869109
Global,2009,45-49 years,Low physical activity,0.015134666
Global,2009,45-49 years,Tobacco use,0.11019238
Global,2010,25-29 years,High BMI,-0.030843161
Global,2010,25-29 years,High alcohol use,0.022197698
Global,2010,25-29 years,High fasting plasma glucose,0.021164704
Global,2010,25-29 years,Low physical activity,0.009522849
Global,2010,25-29 years,Tobacco use,0.082365913
Global,2010,30-34 years,High BMI,-0.034540083
Global,2010,30-34 years,High alcohol use,0.02560555
Global,2010,30-34 years,High fasting plasma glucose,0.025939531
Global,2010,30-34 years,Low physical activity,0.010489302
Global,2010,30-34 years,Tobacco use,0.087317103
Global,2010,35-39 years,High BMI,-0.035750234
Global,2010,35-39 years,High alcohol use,0.030024917
Global,2010,35-39 years,High fasting plasma glucose,0.032736808
Global,2010,35-39 years,Low physical activity,0.011443632
Global,2010,35-39 years,Tobacco use,0.093019763
Global,2010,40-44 years,High BMI,-0.03669929
Global,2010,40-44 years,High alcohol use,0.034430488
Global,2010,40-44 years,High fasting plasma glucose,0.039324783
Global,2010,40-44 years,Low physical activity,0.013147197
Global,2010,40-44 years,Tobacco use,0.102873782
Global,2010,45-49 years,High BMI,-0.03899849
Global,2010,45-49 years,High alcohol use,0.039144878
Global,2010,45-49 years,High fasting plasma glucose,0.047190543
Global,2010,45-49 years,Low physical activity,0.015248228
Global,2010,45-49 years,Tobacco use,0.109072092
Global,2011,25-29 years,High BMI,-0.031426866
Global,2011,25-29 years,High alcohol use,0.021754996
Global,2011,25-29 years,High fasting plasma glucose,0.021476311
Global,2011,25-29 years,Low physical activity,0.009569482
Global,2011,25-29 years,Tobacco use,0.0815861
Global,2011,30-34 years,High BMI,-0.035375837
Global,2011,30-34 years,High alcohol use,0.025292737
Global,2011,30-34 years,High fasting plasma glucose,0.026255919
Global,2011,30-34 years,Low physical activity,0.010567268
Global,2011,30-34 years,Tobacco use,0.08587161
Global,2011,35-39 years,High BMI,-0.036672951
Global,2011,35-39 years,High alcohol use,0.029401365
Global,2011,35-39 years,High fasting plasma glucose,0.033008478
Global,2011,35-39 years,Low physical activity,0.011490198
Global,2011,35-39 years,Tobacco use,0.09122323
Global,2011,40-44 years,High BMI,-0.03733501
Global,2011,40-44 years,High alcohol use,0.033739206
Global,2011,40-44 years,High fasting plasma glucose,0.039627097
Global,2011,40-44 years,Low physical activity,0.01326465
Global,2011,40-44 years,Tobacco use,0.10127018
Global,2011,45-49 years,High BMI,-0.03881659
Global,2011,45-49 years,High alcohol use,0.03766365
Global,2011,45-49 years,High fasting plasma glucose,0.047589998
Global,2011,45-49 years,Low physical activity,0.015366056
Global,2011,45-49 years,Tobacco use,0.107723784
Global,2012,25-29 years,High BMI,-0.032102684
Global,2012,25-29 years,High alcohol use,0.021194695
Global,2012,25-29 years,High fasting plasma glucose,0.021741412
Global,2012,25-29 years,Low physical activity,0.009659927
Global,2012,25-29 years,Tobacco use,0.0806025
Global,2012,30-34 years,High BMI,-0.036258517
Global,2012,30-34 years,High alcohol use,0.02471206
Global,2012,30-34 years,High fasting plasma glucose,0.026554295
Global,2012,30-34 years,Low physical activity,0.010642058
Global,2012,30-34 years,Tobacco use,0.08409842
Global,2012,35-39 years,High BMI,-0.037834474
Global,2012,35-39 years,High alcohol use,0.028869524
Global,2012,35-39 years,High fasting plasma glucose,0.033239627
Global,2012,35-39 years,Low physical activity,0.011562715
Global,2012,35-39 years,Tobacco use,0.089106191
Global,2012,40-44 years,High BMI,-0.038098697
Global,2012,40-44 years,High alcohol use,0.032850603
Global,2012,40-44 years,High fasting plasma glucose,0.03990934
Global,2012,40-44 years,Low physical activity,0.013348266
Global,2012,40-44 years,Tobacco use,0.099213495
Global,2012,45-49 years,High BMI,-0.038898048
Global,2012,45-49 years,High alcohol use,0.03622595
Global,2012,45-49 years,High fasting plasma glucose,0.047943206
Global,2012,45-49 years,Low physical activity,0.015454821
Global,2012,45-49 years,Tobacco use,0.105907869
Global,2013,25-29 years,High BMI,-0.032822662
Global,2013,25-29 years,High alcohol use,0.02066043
Global,2013,25-29 years,High fasting plasma glucose,0.021939729
Global,2013,25-29 years,Low physical activity,0.009729348
Global,2013,25-29 years,Tobacco use,0.07918067
Global,2013,30-34 years,High BMI,-0.037067474
Global,2013,30-34 years,High alcohol use,0.024118259
Global,2013,30-34 years,High fasting plasma glucose,0.026822901
Global,2013,30-34 years,Low physical activity,0.01070304
Global,2013,30-34 years,Tobacco use,0.08209331
Global,2013,35-39 years,High BMI,-0.038872658
Global,2013,35-39 years,High alcohol use,0.028245201
Global,2013,35-39 years,High fasting plasma glucose,0.033500756
Global,2013,35-39 years,Low physical activity,0.011587857
Global,2013,35-39 years,Tobacco use,0.086686615
Global,2013,40-44 years,High BMI,-0.038797009
Global,2013,40-44 years,High alcohol use,0.031766049
Global,2013,40-44 years,High fasting plasma glucose,0.040217658
Global,2013,40-44 years,Low physical activity,0.013374852
Global,2013,40-44 years,Tobacco use,0.096839567
Global,2013,45-49 years,High BMI,-0.039009929
Global,2013,45-49 years,High alcohol use,0.034664956
Global,2013,45-49 years,High fasting plasma glucose,0.048228219
Global,2013,45-49 years,Low physical activity,0.015487381
Global,2013,45-49 years,Tobacco use,0.103682941
Global,2014,25-29 years,High BMI,-0.033361976
Global,2014,25-29 years,High alcohol use,0.020037561
Global,2014,25-29 years,High fasting plasma glucose,0.022275905
Global,2014,25-29 years,Low physical activity,0.009733834
Global,2014,25-29 years,Tobacco use,0.077842662
Global,2014,30-34 years,High BMI,-0.037671868
Global,2014,30-34 years,High alcohol use,0.023505173
Global,2014,30-34 years,High fasting plasma glucose,0.027206172
Global,2014,30-34 years,Low physical activity,0.010742612
Global,2014,30-34 years,Tobacco use,0.080488309
Global,2014,35-39 years,High BMI,-0.039722029
Global,2014,35-39 years,High alcohol use,0.027472378
Global,2014,35-39 years,High fasting plasma glucose,0.033954985
Global,2014,35-39 years,Low physical activity,0.011555025
Global,2014,35-39 years,Tobacco use,0.08453093
Global,2014,40-44 years,High BMI,-0.039437875
Global,2014,40-44 years,High alcohol use,0.03059489
Global,2014,40-44 years,High fasting plasma glucose,0.040658
Global,2014,40-44 years,Low physical activity,0.013370299
Global,2014,40-44 years,Tobacco use,0.094691928
Global,2014,45-49 years,High BMI,-0.039198352
Global,2014,45-49 years,High alcohol use,0.033079144
Global,2014,45-49 years,High fasting plasma glucose,0.048617671
Global,2014,45-49 years,Low physical activity,0.015446499
Global,2014,45-49 years,Tobacco use,0.101561951
Global,2015,25-29 years,High BMI,-0.034105877
Global,2015,25-29 years,High alcohol use,0.019851821
Global,2015,25-29 years,High fasting plasma glucose,0.022582544
Global,2015,25-29 years,Low physical activity,0.009761945
Global,2015,25-29 years,Tobacco use,0.076220523
Global,2015,30-34 years,High BMI,-0.038314287
Global,2015,30-34 years,High alcohol use,0.023090791
Global,2015,30-34 years,High fasting plasma glucose,0.027615476
Global,2015,30-34 years,Low physical activity,0.010784931
Global,2015,30-34 years,Tobacco use,0.07880548
Global,2015,35-39 years,High BMI,-0.04052492
Global,2015,35-39 years,High alcohol use,0.026829969
Global,2015,35-39 years,High fasting plasma glucose,0.034379712
Global,2015,35-39 years,Low physical activity,0.011582209
Global,2015,35-39 years,Tobacco use,0.082574453
Global,2015,40-44 years,High BMI,-0.040088306
Global,2015,40-44 years,High alcohol use,0.029667388
Global,2015,40-44 years,High fasting plasma glucose,0.041153966
Global,2015,40-44 years,Low physical activity,0.013389471
Global,2015,40-44 years,Tobacco use,0.092714311
Global,2015,45-49 years,High BMI,-0.039586571
Global,2015,45-49 years,High alcohol use,0.032009658
Global,2015,45-49 years,High fasting plasma glucose,0.049059795
Global,2015,45-49 years,Low physical activity,0.015466032
Global,2015,45-49 years,Tobacco use,0.099577451
Global,2016,25-29 years,High BMI,-0.0349497
Global,2016,25-29 years,High alcohol use,0.01977804
Global,2016,25-29 years,High fasting plasma glucose,0.022879067
Global,2016,25-29 years,Low physical activity,0.009710025
Global,2016,25-29 years,Tobacco use,0.074976073
Global,2016,30-34 years,High BMI,-0.038900367
Global,2016,30-34 years,High alcohol use,0.022823208
Global,2016,30-34 years,High fasting plasma glucose,0.028031996
Global,2016,30-34 years,Low physical activity,0.010768827
Global,2016,30-34 years,Tobacco use,0.077691348
Global,2016,35-39 years,High BMI,-0.04128725
Global,2016,35-39 years,High alcohol use,0.026591857
Global,2016,35-39 years,High fasting plasma glucose,0.034899917
Global,2016,35-39 years,Low physical activity,0.011637833
Global,2016,35-39 years,Tobacco use,0.081150043
Global,2016,40-44 years,High BMI,-0.04070759
Global,2016,40-44 years,High alcohol use,0.028983379
Global,2016,40-44 years,High fasting plasma glucose,0.041660342
Global,2016,40-44 years,Low physical activity,0.013426047
Global,2016,40-44 years,Tobacco use,0.09104899
Global,2016,45-49 years,High BMI,-0.040033655
Global,2016,45-49 years,High alcohol use,0.031371914
Global,2016,45-49 years,High fasting plasma glucose,0.049508064
Global,2016,45-49 years,Low physical activity,0.01553203
Global,2016,45-49 years,Tobacco use,0.097984975
Global,2017,25-29 years,High BMI,-0.035887235
Global,2017,25-29 years,High alcohol use,0.019472064
Global,2017,25-29 years,High fasting plasma glucose,0.023194487
Global,2017,25-29 years,Low physical activity,0.009601365
Global,2017,25-29 years,Tobacco use,0.073786509
Global,2017,30-34 years,High BMI,-0.039432557
Global,2017,30-34 years,High alcohol use,0.022307038
Global,2017,30-34 years,High fasting plasma glucose,0.028455512
Global,2017,30-34 years,Low physical activity,0.010699561
Global,2017,30-34 years,Tobacco use,0.076670342
Global,2017,35-39 years,High BMI,-0.041944652
Global,2017,35-39 years,High alcohol use,0.026041603
Global,2017,35-39 years,High fasting plasma glucose,0.035413192
Global,2017,35-39 years,Low physical activity,0.011675924
Global,2017,35-39 years,Tobacco use,0.079860871
Global,2017,40-44 years,High BMI,-0.041317473
Global,2017,40-44 years,High alcohol use,0.028280746
Global,2017,40-44 years,High fasting plasma glucose,0.042163552
Global,2017,40-44 years,Low physical activity,0.013451264
Global,2017,40-44 years,Tobacco use,0.089513918
Global,2017,45-49 years,High BMI,-0.040456317
Global,2017,45-49 years,High alcohol use,0.030562816
Global,2017,45-49 years,High fasting plasma glucose,0.050029727
Global,2017,45-49 years,Low physical activity,0.01558764
Global,2017,45-49 years,Tobacco use,0.096572195
Global,2018,25-29 years,High BMI,-0.036519566
Global,2018,25-29 years,High alcohol use,0.01889763
Global,2018,25-29 years,High fasting plasma glucose,0.02352578
Global,2018,25-29 years,Low physical activity,0.009483933
Global,2018,25-29 years,Tobacco use,0.072609305
Global,2018,30-34 years,High BMI,-0.039885173
Global,2018,30-34 years,High alcohol use,0.021690884
Global,2018,30-34 years,High fasting plasma glucose,0.028834321
Global,2018,30-34 years,Low physical activity,0.01066586
Global,2018,30-34 years,Tobacco use,0.075642442
Global,2018,35-39 years,High BMI,-0.04249223
Global,2018,35-39 years,High alcohol use,0.025435837
Global,2018,35-39 years,High fasting plasma glucose,0.035921099
Global,2018,35-39 years,Low physical activity,0.011708981
Global,2018,35-39 years,Tobacco use,0.078670939
Global,2018,40-44 years,High BMI,-0.041931397
Global,2018,40-44 years,High alcohol use,0.027621516
Global,2018,40-44 years,High fasting plasma glucose,0.042697874
Global,2018,40-44 years,Low physical activity,0.013493411
Global,2018,40-44 years,Tobacco use,0.088139803
Global,2018,45-49 years,High BMI,-0.040944577
Global,2018,45-49 years,High alcohol use,0.029854654
Global,2018,45-49 years,High fasting plasma glucose,0.050528271
Global,2018,45-49 years,Low physical activity,0.015697444
Global,2018,45-49 years,Tobacco use,0.095260992
Global,2019,25-29 years,High BMI,-0.037142984
Global,2019,25-29 years,High alcohol use,0.018241703
Global,2019,25-29 years,High fasting plasma glucose,0.023782543
Global,2019,25-29 years,Low physical activity,0.009385763
Global,2019,25-29 years,Tobacco use,0.071880667
Global,2019,30-34 years,High BMI,-0.040333376
Global,2019,30-34 years,High alcohol use,0.021104984
Global,2019,30-34 years,High fasting plasma glucose,0.029247451
Global,2019,30-34 years,Low physical activity,0.010628046
Global,2019,30-34 years,Tobacco use,0.074699277
Global,2019,35-39 years,High BMI,-0.043033179
Global,2019,35-39 years,High alcohol use,0.024900561
Global,2019,35-39 years,High fasting plasma glucose,0.03647836
Global,2019,35-39 years,Low physical activity,0.011754401
Global,2019,35-39 years,Tobacco use,0.077722065
Global,2019,40-44 years,High BMI,-0.042569329
Global,2019,40-44 years,High alcohol use,0.02706431
Global,2019,40-44 years,High fasting plasma glucose,0.043261557
Global,2019,40-44 years,Low physical activity,0.013515314
Global,2019,40-44 years,Tobacco use,0.086957408
Global,2019,45-49 years,High BMI,-0.041608155
Global,2019,45-49 years,High alcohol use,0.029245359
Global,2019,45-49 years,High fasting plasma glucose,0.051111316
Global,2019,45-49 years,Low physical activity,0.015769519
Global,2019,45-49 years,Tobacco use,0.09414723
Global,2020,25-29 years,High BMI,-0.037503362
Global,2020,25-29 years,High alcohol use,0.01800323
Global,2020,25-29 years,High fasting plasma glucose,0.024148845
Global,2020,25-29 years,Low physical activity,0.009324295
Global,2020,25-29 years,Tobacco use,0.071070509
Global,2020,30-34 years,High BMI,-0.0407103
Global,2020,30-34 years,High alcohol use,0.020744989
Global,2020,30-34 years,High fasting plasma glucose,0.029697775
Global,2020,30-34 years,Low physical activity,0.010628607
Global,2020,30-34 years,Tobacco use,0.073942196
Global,2020,35-39 years,High BMI,-0.043433559
Global,2020,35-39 years,High alcohol use,0.024200448
Global,2020,35-39 years,High fasting plasma glucose,0.037143713
Global,2020,35-39 years,Low physical activity,0.011778945
Global,2020,35-39 years,Tobacco use,0.07696456
Global,2020,40-44 years,High BMI,-0.043117415
Global,2020,40-44 years,High alcohol use,0.026348905
Global,2020,40-44 years,High fasting plasma glucose,0.043985103
Global,2020,40-44 years,Low physical activity,0.013512261
Global,2020,40-44 years,Tobacco use,0.0860714
Global,2020,45-49 years,High BMI,-0.042293775
Global,2020,45-49 years,High alcohol use,0.02841628
Global,2020,45-49 years,High fasting plasma glucose,0.05174037
Global,2020,45-49 years,Low physical activity,0.015795899
Global,2020,45-49 years,Tobacco use,0.093032528
Global,2021,25-29 years,High BMI,-0.038088071
Global,2021,25-29 years,High alcohol use,0.017166321
Global,2021,25-29 years,High fasting plasma glucose,0.024616391
Global,2021,25-29 years,Low physical activity,0.009241443
Global,2021,25-29 years,Tobacco use,0.070591831
Global,2021,30-34 years,High BMI,-0.041315124
Global,2021,30-34 years,High alcohol use,0.019939371
Global,2021,30-34 years,High fasting plasma glucose,0.030196416
Global,2021,30-34 years,Low physical activity,0.010570834
Global,2021,30-34 years,Tobacco use,0.073298403
Global,2021,35-39 years,High BMI,-0.043748605
Global,2021,35-39 years,High alcohol use,0.023315065
Global,2021,35-39 years,High fasting plasma glucose,0.037777025
Global,2021,35-39 years,Low physical activity,0.011786814
Global,2021,35-39 years,Tobacco use,0.076485524
Global,2021,40-44 years,High BMI,-0.043312358
Global,2021,40-44 years,High alcohol use,0.025182203
Global,2021,40-44 years,High fasting plasma glucose,0.044557604
Global,2021,40-44 years,Low physical activity,0.013509812
Global,2021,40-44 years,Tobacco use,0.085577779
Global,2021,45-49 years,High BMI,-0.042629842
Global,2021,45-49 years,High alcohol use,0.026657542
Global,2021,45-49 years,High fasting plasma glucose,0.052328199
Global,2021,45-49 years,Low physical activity,0.015770722
Global,2021,45-49 years,Tobacco use,0.091866765
Global,2022,25-29 years,High BMI,-0.039163047
Global,2022,25-29 years,High alcohol use,0.017414056
Global,2022,25-29 years,High fasting plasma glucose,0.024825575
Global,2022,25-29 years,Low physical activity,0.009366599
Global,2022,25-29 years,Tobacco use,0.069236955
Global,2022,30-34 years,High BMI,-0.042217181
Global,2022,30-34 years,High alcohol use,0.020037869
Global,2022,30-34 years,High fasting plasma glucose,0.030582497
Global,2022,30-34 years,Low physical activity,0.010566899
Global,2022,30-34 years,Tobacco use,0.071420122
Global,2022,35-39 years,High BMI,-0.044112833
Global,2022,35-39 years,High alcohol use,0.023092213
Global,2022,35-39 years,High fasting plasma glucose,0.038219039
Global,2022,35-39 years,Low physical activity,0.011734361
Global,2022,35-39 years,Tobacco use,0.074984916
Global,2022,40-44 years,High BMI,-0.044051969
Global,2022,40-44 years,High alcohol use,0.025085403
Global,2022,40-44 years,High fasting plasma glucose,0.045092484
Global,2022,40-44 years,Low physical activity,0.013459235
Global,2022,40-44 years,Tobacco use,0.083443992
Global,2022,45-49 years,High BMI,-0.043232426
Global,2022,45-49 years,High alcohol use,0.026564877
Global,2022,45-49 years,High fasting plasma glucose,0.052877607
Global,2022,45-49 years,Low physical activity,0.015696272
Global,2022,45-49 years,Tobacco use,0.090120169
Global,2023,25-29 years,High BMI,-0.039892149
Global,2023,25-29 years,High alcohol use,0.016929155
Global,2023,25-29 years,High fasting plasma glucose,0.02506789
Global,2023,25-29 years,Low physical activity,0.00935801
Global,2023,25-29 years,Tobacco use,0.068587416
Global,2023,30-34 years,High BMI,-0.042943626
Global,2023,30-34 years,High alcohol use,0.019670523
Global,2023,30-34 years,High fasting plasma glucose,0.03098059
Global,2023,30-34 years,Low physical activity,0.010538366
Global,2023,30-34 years,Tobacco use,0.070353025
Global,2023,35-39 years,High BMI,-0.044673433
Global,2023,35-39 years,High alcohol use,0.02274168
Global,2023,35-39 years,High fasting plasma glucose,0.03863477
Global,2023,35-39 years,Low physical activity,0.011735995
Global,2023,35-39 years,Tobacco use,0.07409174
Global,2023,40-44 years,High BMI,-0.044554245
Global,2023,40-44 years,High alcohol use,0.024537971
Global,2023,40-44 years,High fasting plasma glucose,0.045717766
Global,2023,40-44 years,Low physical activity,0.01345227
Global,2023,40-44 years,Tobacco use,0.082324186
Global,2023,45-49 years,High BMI,-0.043627998
Global,2023,45-49 years,High alcohol use,0.025886519
Global,2023,45-49 years,High fasting plasma glucose,0.053470684
Global,2023,45-49 years,Low physical activity,0.015736803
Global,2023,45-49 years,Tobacco use,0.088973924
